"Sentence Nr";"Human translated sentence";"First machine translated sentence";"Second Machine translated sentence";"First machine translated sentence bleu score";"Second machine translated sentence bleu score"
"1";"शिक्षा का अर्थ है गहन ज्ञान के लिए विषयों का अध्ययन करना और हमारे दैनिक जीवन में उपयोग होने वाले विभिन्न विषयों को समझना।";"शिक्षा का अर्थ होता है , गहन ज्ञान के लिए विषयों का अध्ययन करना और उन विभिन्न विषयों को समझना जो हमारे दैनिक जीवन में उपयोग करने जा रहे हैं।";"शिक्षा का अर्थ है गहन ज्ञान के लिए विषयों का अध्ययन करना और उन विभिन्न विषयों को समझना जो हमारे दैनिक जीवन में उपयोग करने जा रहे हैं।";"47.058964";"61.000345"
"2";"शिक्षा शब्द केवल हमारे किताबी ज्ञान तक ही सीमित नहीं है बल्कि यह उस ज्ञान के लिए है जो किताबों या कक्षाओं के बाहर हमारे द्वारा प्राप्त और अनुभव किया जा रहा है।";"शिक्षा शब्द हमारे किताबी ज्ञान तक सीमित नहीं है , बल्कि यह ज्ञान के लिए है जो पुस्तकों या कक्षाओं के बाहर हमारे द्वारा प्राप्त और अनुभव कर रहा है।";"शिक्षा शब्द हमारे किताबी ज्ञान तक सीमित नहीं है , बल्कि यह ज्ञान के लिए खड़ा है जो पुस्तकों या कक्षाओं के बाहर हमारे द्वारा प्राप्त और अनुभव कर रहा है।";"50.373856";"44.835630"
"3";"शिक्षा जीवन को देखने के हमारे दृष्टिकोण को बदल देती है।";"शिक्षा जीवन को देखने के लिए हमारे दृष्टिकोण को बदलती है।";"शिक्षा जीवन को देखने के लिए हमारे दृष्टिकोण को बदल देती है।";"48.326978";"73.488892"
"4";"हमारे जीवन में शिक्षा हमारे बचपन से शुरू होती है जो घर से शुरू होती है और शिक्षा एक आजीवन प्रक्रिया है जो हमारी मृत्यु के साथ समाप्त होने वाली है या हो सकता है कि मृत्यु के बाद कोई जीवन हो तो वह वहां भी निरंतर रहेगा।";"हमारे जीवन में शिक्षा हमारे बचपन से शुरू होती है जो घर पर शुरू होती है और शिक्षा एक आजीवन प्रक्रिया है जो हमारी मृत्यु के साथ समाप्त होने वाली है या हो सकता है कि अगर कोई मृत्यु के बाद का जीवन हो , तो यह वहां भी निरंतर रहेगा।";"हमारे जीवन में शिक्षा हमारे बचपन से शुरू होती है जो घर पर शुरू होती है और शिक्षा एक आजीवन प्रक्रिया है जो हमारी मृत्यु के साथ समाप्त होने जा रही है या शायद मृत्यु के बाद कोई जीवन है , तो वह वहां भी निरंतर बनी रहेगी।";"74.320954";"69.969580"
"5";"इस विषय में , हम अपने जीवन में शिक्षा के महत्व के बारे में बात करेंगे , शिक्षा इतनी महत्वपूर्ण क्यों है , शिक्षा समाज के लिए महत्वपूर्ण क्यों है , हमारे जीवन में शिक्षा की भूमिका , हमारे जीवन में शिक्षा का महत्व क्या है और इसका महत्व क्या है विद्यालय शिक्षा।";"इस विषय में , हम अपने जीवन में शिक्षा के महत्व के बारे में बात करेंगे , शिक्षा इतनी महत्वपूर्ण क्यों है , शिक्षा समाज के लिए महत्वपूर्ण क्यों है , हमारे जीवन में शिक्षा की भूमिका , हमारे जीवन में शिक्षा का महत्व क्या है और स्कूल शिक्षा का महत्व क्या है।";"इस विषय में हम अपने जीवन में शिक्षा के महत्व के बारे में बात करेंगे , शिक्षा इतनी महत्वपूर्ण क्यों है , शिक्षा समाज के लिए क्यों महत्वपूर्ण है , हमारे जीवन में शिक्षा की भूमिका , हमारे जीवन में शिक्षा का महत्व क्या है और स्कूली शिक्षा का महत्व क्या है।";"89.750098";"78.622858"
"6";"यह विषय जीवन में शिक्षा के महत्व को जानकर आपके मन को सकारात्मक विचारों से उभारेगा।";"यह विषय जीवन में शिक्षा के महत्व को जानकर आपके मन को सकारात्मक विचारों के साथ बढ़ावा देगा।";"यह विषय जीवन में शिक्षा के महत्व को जानकर सकारात्मक विचारों के साथ आपके दिमाग को बढ़ावा देगा।";"75.627225";"50.859914"
"7";"तो , चलिए विषय से शुरू करते हैं।";"तो , चलो विषय के साथ शुरू करते हैं।";"तो , चलो विषय के साथ शुरू करते हैं।";"23.356899";"23.356899"
"8";"शिक्षा क्या है।";"शिक्षा क्या है।";"शिक्षा क्या है।";"100.000000";"100.000000"
"9";"यह एक महत्वपूर्ण उपकरण है जो व्यक्ति को अपने परिवार , समाज के साथ - साथ अपने देश के प्रति अपने अधिकारों और कर्तव्यों को जानने में सक्षम बनाता है।";"यह एक महत्वपूर्ण उपकरण है जो एक व्यक्ति को अपने परिवार , समाज के साथ - साथ अपने देश के प्रति अपने अधिकारों और कर्तव्यों को जानने में सक्षम बनाता है।";"यह एक महत्वपूर्ण उपकरण है जो किसी व्यक्ति को अपने परिवार , समाज के साथ - साथ अपने देश के प्रति अपने अधिकारों और कर्तव्यों को जानने में सक्षम बनाता है।";"91.275921";"91.275921"
"10";"यह दुनिया को देखने के लिए एक व्यक्ति की दृष्टि विकसित करता है और गलत चीजों , जैसे , अन्याय , भ्रष्टाचार , हिंसा आदि के खिलाफ लड़ने की क्षमता भी विकसित करता है।";"यह दुनिया को देखने के लिए एक व्यक्ति की दृष्टि विकसित करता है और गलत चीजों के खिलाफ लड़ने की क्षमता भी , जैसे अन्याय , भ्रष्टाचार , हिंसा , आदि।";"यह दुनिया को देखने के लिए एक व्यक्ति की दृष्टि विकसित करता है और अन्याय , भ्रष्टाचार , हिंसा आदि जैसी गलत चीजों के खिलाफ लड़ने की क्षमता भी विकसित करता है।";"71.055880";"76.774975"
"11";"यह कोई रहस्य नहीं है कि यह हमारे वर्तमान और भविष्य के जीवन को बेहतर बनाने का मुख्य हथियार है।";"यह कोई रहस्य नहीं है कि यह हमारे वर्तमान और भविष्य के जीवन को बेहतर बनाने का मुख्य हथियार है।";"यह कोई रहस्य नहीं है कि यह हमारे वर्तमान और भविष्य के जीवन को बेहतर बनाने का मुख्य हथियार है।";"100.000000";"100.000000"
"12";"यह व्यक्ति के जीवन में आत्मविश्वास को भी बढ़ाता है और आत्मविश्वास सफलता की एक महत्वपूर्ण कुंजी है।";"यह व्यक्ति के जीवन में आत्मविश्वास को भी बढ़ाता है और सफलता के लिए आत्मविश्वास महत्वपूर्ण है।";"यह व्यक्ति के जीवन में आत्मविश्वास को भी बढ़ाता है और आत्मविश्वास सफलता की एक महत्वपूर्ण कुंजी है।";"62.174479";"100.000000"
"13";"हर देश की सरकार शिक्षा या देश के नागरिक के लिए अपना पैसा लगा रही है।";"हर देश की सरकार शिक्षा या देश के नागरिक के लिए अपने पैसे का निवेश कर रही है।";"हर देश की सरकार अपना पैसा देश की शिक्षा या नागरिक के लिए निवेश कर रही है।";"61.190495";"27.694133"
"14";"ऐसे कई देश हैं जो अपने देश में मुफ्त में शिक्षा प्रदान कर रहे हैं।";"कई देश हैं जो अपने देश में मुफ्त में शिक्षा प्रदान कर रहे हैं।";"कई देश ऐसे हैं जो अपने देश में मुफ्त में शिक्षा प्रदान कर रहे हैं।";"93.106278";"83.857668"
"15";"इसके पीछे का कारण अपने राष्ट्र का विकास करना है और राष्ट्र तभी विकसित होगा जब किसी देश के लोग अधिक शिक्षित होंगे।";"इसके पीछे कारण यह है कि देश का विकास हो और देश का विकास तब होगा जब देश के लोग अधिक शिक्षित होंगे।";"इसके पीछे कारण अपने राष्ट्र का विकास करना है और जब किसी देश के लोग अधिक शिक्षित होंगे तो राष्ट्र का विकास होगा।";"29.157337";"59.330670"
"16";"शिक्षित व्यक्ति अपने देश का अच्छा नागरिक बनता है।";"शिक्षित व्यक्ति अपने देश का अच्छा नागरिक बन जाता है।";"जो व्यक्ति शिक्षित होता है , वह अपने देश का अच्छा नागरिक बन जाता है।";"66.063286";"27.668737"
"17";"हमारे जीवन में शिक्षा इतनी महत्वपूर्ण क्यों है।";"शिक्षा हमारे जीवन में इतनी महत्वपूर्ण क्यों है।";"शिक्षा हमारे जीवन में इतनी महत्वपूर्ण क्यों है ?";"51.697315";"31.020162"
"18";"शिक्षा हमें अपने आने वाले भविष्य को बदलने की क्षमता देती है।";"शिक्षा हमें अपने आने वाले भविष्य को बदलने की क्षमता देती है।";"शिक्षा हमें अपने आने वाले भविष्य को बदलने की क्षमता देती है।";"100.000000";"100.000000"
"19";"हम दुनिया को कुछ बेहतर तरीके से बदल सकते हैं जहां हर व्यक्ति बिना किसी तनाव के अपने जीवन का आनंद ले सके।";"हम दुनिया को कुछ बेहतर तरीके से बदल सकते हैं जहां हर व्यक्ति बिना किसी तनाव के अपने जीवन का आनंद ले सकता है।";"हम दुनिया को कुछ बेहतर तरीके से बदल सकते हैं जहां हर व्यक्ति बिना किसी तनाव के अपने जीवन का आनंद ले सकता है।";"91.087992";"91.087992"
"20";"और इसके लिए हमारे पास पढ़ने और लिखने की क्षमता होनी चाहिए जो हमारी स्कूली शिक्षा से हमारे पास होने वाली है।";"और इसके लिए , हमारे पास पढ़ने और लिखने की क्षमता होनी चाहिए जो हमारी स्कूली शिक्षा द्वारा हमारे साथ होने जा रही है।";"और इसके लिए , हमारे पास पढ़ने और लिखने की क्षमता होनी चाहिए जो हमारी स्कूली शिक्षा से हमारे साथ होने जा रही है।";"59.479931";"67.759400"
"21";"क्योंकि अधिकांश जानकारी शास्त्रों , वेदों आदि पुस्तकों को पढ़कर प्राप्त की जा सकती है।";"क्योंकि अधिकांश जानकारी शास्त्रों , वेदों आदि को पढ़कर हड़प सकती है।";"क्योंकि ग्रंथ शास्त्र , वेद आदि पुस्तकों को पढ़कर अधिकतर जानकारी प्राप्त की जा सकती है।";"48.317053";"41.211838"
"22";"नतीजतन , व्यक्ति शिक्षा और पढ़ने और लिखने की क्षमता की मदद से साक्षर हो जाएगा।";"फलस्वरूप , व्यक्ति शिक्षा की सहायता से और पढ़ने और लिखने की क्षमता के साथ साक्षर हो जाएगा।";"फलस्वरूप व्यक्ति शिक्षा और पढ़ने - लिखने की क्षमता की मदद से साक्षर बनेगा।";"41.920610";"53.422279"
"23";"जब कोई पुलिस अधिकारी किसी व्यक्ति को गिरफ्तार कर सकता है।";"जब कोई पुलिस अधिकारी किसी व्यक्ति को गिरफ्तार कर सकता है।";"जब एक पुलिस अधिकारी किसी व्यक्ति को गिरफ्तार कर सकता है।";"100.000000";"80.705573"
"24";"स्कूली शिक्षा का महत्व।";"स्कूली शिक्षा का महत्व";"स्कूली शिक्षा का महत्व।";"59.460356";"100.000000"
"25";"आज का बच्चा कल देश का वयस्क नागरिक बनने जा रहा है।";"आज का बच्चा कल देश का वयस्क नागरिक बनने जा रहा है।";"आज का बच्चा कल देश का वयस्क नागरिक बनने जा रहा है।";"100.000000";"100.000000"
"26";"और जो शिक्षा उसके मन में भर जाएगी वह भविष्य में प्रतिबिम्बित होगी।";"और जो शिक्षा उसके मन में चल रही है , वह भविष्य में दिखाई देगी।";"और जो शिक्षा उसके मन में भरने वाली है , वह भविष्य में प्रतिबिंबित होगी।";"41.211838";"42.311785"
"27";"इसलिए यह ध्यान में रखना चाहिए कि स्कूली शिक्षा में कुछ महत्वपूर्ण पहलुओं पर ध्यान देना चाहिए जो किसी व्यक्ति की उसके बचपन से मृत्यु तक की यात्रा में उसकी भूमिका में योगदान करते हैं।";"इसलिए यह ध्यान रखना चाहिए कि स्कूली शिक्षा को कुछ महत्वपूर्ण पहलुओं पर ध्यान केंद्रित करना चाहिए जो बचपन से मृत्यु तक किसी व्यक्ति की यात्रा में उनकी भूमिकाओं में योगदान करते हैं।";"इसलिए यह ध्यान रखना चाहिए कि स्कूली शिक्षा को कुछ महत्वपूर्ण पहलुओं पर ध्यान केंद्रित करना चाहिए जो किसी व्यक्ति की बचपन से मृत्यु तक की यात्रा में उनकी भूमिकाओं में योगदान करते हैं।";"43.753257";"56.181375"
"28";"हम अपने स्कूली जीवन में कई विषयों पर चर्चा करते हैं जैसे इतिहास , गणित , भूगोल , राजनीति आदि।";"हम अपने स्कूली जीवन में इतिहास , गणित , भूगोल , राजनीति आदि जैसे कई विषयों पर चर्चा करते हैं।";"हम अपने स्कूली जीवन में कई विषयों जैसे इतिहास , गणित , भूगोल , राजनीति आदि पर चर्चा करते हैं।";"66.083730";"70.765344"
"29";"इससे बच्चों का दिमाग तेज होता है।";"यह बच्चों के दिमाग को तेज करता है।";"इससे बच्चों का दिमाग तेज होता है।";"7.809850";"100.000000"
"30";"क्योंकि बच्चा हर उस विषय का ज्ञान ले रहा है जिससे बच्चे का मानसिक स्तर बढ़ता है।";"क्योंकि बच्चा हर विषय का ज्ञान ले रहा है जो बच्चे के मानसिक स्तर को बढ़ाता है।";"क्योंकि बच्चा हर उस विषय का ज्ञान ले रहा है जिससे बच्चे का मानसिक स्तर बढ़ता है।";"40.652204";"100.000000"
"31";"बच्चे को शारीरिक पहलुओं के लिए प्रोत्साहित किया जाना चाहिए जो किसी व्यक्ति को आपात स्थिति से निपटने में मदद करता है।";"बच्चे को शारीरिक पहलुओं के लिए प्रोत्साहित किया जाना चाहिए जो किसी व्यक्ति को आपात स्थिति से निपटने में मदद करता है।";"बच्चे को शारीरिक पहलुओं के लिए प्रोत्साहित किया जाना चाहिए जो किसी व्यक्ति को आपात स्थिति से निपटने में मदद करता है।";"100.000000";"100.000000"
"32";"खेल व्यक्ति के शारीरिक विकास के लिए अच्छे होते हैं क्योंकि किसी भी प्रकार के खेल में व्यक्ति मस्ती और आक्रामकता के चरणों से गुजरता है जहां वह सीखता है कि किसी स्थिति को कैसे नियंत्रित किया जाए।";"खेल किसी व्यक्ति के शारीरिक विकास के लिए अच्छे हैं , क्योंकि किसी भी प्रकार के खेल में , व्यक्ति मस्ती और आक्रामकता के चरणों से जाता है जहां वह सीखता है कि स्थिति को कैसे नियंत्रित किया जाए।";"खेल किसी व्यक्ति के शारीरिक विकास के लिए अच्छा है क्योंकि , किसी भी प्रकार के खेल में , व्यक्ति मस्ती और आक्रामकता के चरणों से जाता है जहां वह सीखता है कि किसी स्थिति को कैसे नियंत्रित किया जाए।";"67.807403";"67.560377"
"33";"एक नवजात शिशु केवल अपने परिवार और अपने कुछ पड़ोसियों के बारे में ही जानता है।";"एक नवजात बच्चा केवल अपने परिवार और अपने कुछ पड़ोसियों के बारे में जानता है।";"एक नवजात बच्चा केवल अपने परिवार और अपने कुछ पड़ोसियों के बारे में जानता है।";"67.009789";"67.009789"
"34";"लेकिन जब वह अपनी स्कूली शिक्षा की ओर बढ़ता है , तो वह अन्य बच्चों से मिलता है और घर के बाहर के लोगों से बातचीत करता है जो उसे नए दोस्त बनाकर एक समाजवादी व्यक्ति बनाता है।";"लेकिन जब वह अपनी स्कूली शिक्षा के लिए आगे बढ़ता है , तो वह अन्य बच्चों के साथ मिलता है और घर के बाहर के लोगों के साथ बातचीत करता है जो उसे नए दोस्त बनाकर एक समाजवादी व्यक्ति बनाता है।";"लेकिन जब वह अपनी स्कूली शिक्षा में जाता है , तो वह अन्य बच्चों से मिलता है और घर के बाहर के लोगों के साथ बातचीत करता है जो उसे नए दोस्त बनाकर एक समाजवादी व्यक्ति बनाता है।";"69.996454";"80.333316"
"35";"अब , हम कह सकते हैं कि स्कूली शिक्षा एक बच्चे के लिए बहुत महत्वपूर्ण है।";"अब , हम कह सकते हैं कि एक बच्चे के लिए स्कूल शिक्षा बहुत महत्वपूर्ण है।";"अब , हम कह सकते हैं कि एक बच्चे के लिए स्कूली शिक्षा बहुत महत्वपूर्ण है।";"62.346966";"64.754454"
"36";"यह हमारे दैनिक जीवन में स्थिरता प्रदान करता है।";"यह हमारे दैनिक जीवन में स्थिरता प्रदान करता है।";"यह हमारे दैनिक जीवन में स्थिरता प्रदान करता है।";"100.000000";"100.000000"
"37";"आपने सुना होगा कि सब कुछ विभाजित किया जा सकता है लेकिन आपकी शिक्षा नहीं हो सकती।";"आपको सुना होगा कि सब कुछ विभाजित किया जा सकता है लेकिन आपकी शिक्षा नहीं कर सकती।";"आपको सुना होगा कि सब कुछ विभाजित किया जा सकता है लेकिन आपकी शिक्षा नहीं हो सकती है।";"81.932289";"81.724600"
"38";"अपनी डिग्री और ज्ञान की मदद से आप अपने करियर को दूसरों से बेहतर बनाने के मौके बढ़ा सकते हैं।";"अपनी डिग्री और ज्ञान की मदद से आप अपने करियर को दूसरों की तुलना में बेहतर बनाने के मौके बढ़ा सकते हैं।";"अपनी डिग्री और ज्ञान की मदद से आप अपने करियर को दूसरों से बेहतर बनाने के मौके बढ़ा सकते हैं।";"77.393215";"100.000000"
"39";"शिक्षा हमारी वित्तीय सुरक्षा में हमारी मदद करती है।";"शिक्षा हमारी वित्तीय सुरक्षा में हमारी मदद करती है।";"शिक्षा हमारी वित्तीय सुरक्षा में हमारी मदद करती है।";"100.000000";"100.000000"
"40";"इस युग में , उच्च योग्यता वाले व्यक्ति को उच्च वेतन वाली नौकरी मिलती है जो उसे अपना भविष्य सुरक्षित करने में मदद करती है।";"इस युग में , उच्च योग्यता वाले व्यक्ति को उच्च भुगतान वाली नौकरियां मिलती हैं जो उसे अपने भविष्य को सुरक्षित करने में मदद करती हैं।";"इस युग में , उच्च योग्यता वाले व्यक्ति को उच्च वेतन वाली नौकरियां मिलती हैं जो उसे अपने भविष्य को सुरक्षित करने में मदद करती हैं।";"52.721189";"60.493083"
"41";"शिक्षा हमें अपने जीवन में आत्मनिर्भर बनाती है।";"शिक्षा हमें अपने जीवन में आत्मनिर्भर बनाती है।";"शिक्षा हमें अपने जीवन में आत्मनिर्भर बनाती है।";"100.000000";"100.000000"
"42";"व्यक्ति द्वारा की गई शिक्षा उसी की होती है और इसकी सहायता से व्यक्ति सुरक्षित और आत्म - निर्भरता महसूस कर सकता है।";"एक व्यक्ति द्वारा की गई शिक्षा केवल उसकी है और इसकी मदद से व्यक्ति सुरक्षित और आत्म - निर्भरता महसूस कर सकता है।";"व्यक्ति द्वारा की गई शिक्षा केवल उसी की होती है और इसकी मदद से व्यक्ति सुरक्षित और आत्मनिर्भरता महसूस कर सकता है।";"65.668074";"56.818118"
"43";"इस ब्रह्मांड में किसी भी व्यक्ति के पास कोई सपना नहीं है जिसे वह पूरा करना चाहता है।";"इस ब्रह्मांड में किसी भी व्यक्ति के पास कोई सपना नहीं है जिसे वह पूरा करना चाहता है।";"इस ब्रह्मांड में किसी भी व्यक्ति का कोई सपना नहीं है जिसे वह पूरा करना चाहता है।";"100.000000";"78.093256"
"44";"शिक्षा आपके सपनों को पूरा करने के लिए महत्वपूर्ण तत्वों में से एक है।";"शिक्षा अपने सपनों को पूरा करने के लिए महत्वपूर्ण तत्वों में से एक है।";"शिक्षा आपके सपनों को पूरा करने के लिए महत्वपूर्ण तत्वों में से एक है।";"85.552619";"100.000000"
"45";"इसलिए , यदि आप अपने सपनों को साकार करना चाहते हैं , तो आपके जीवन में शिक्षा बहुत जरूरी है।";"इसलिए , यदि आप अपने सपनों को साकार करना चाहते हैं , तो आपके जीवन में शिक्षा बहुत जरूरी है।";"इसलिए , यदि आप अपने सपनों को सच करना चाहते हैं , तो शिक्षा आपके जीवन में जरूरी है।";"100.000000";"57.596494"
"46";"प्रत्येक व्यक्ति को समानता का अधिकार है।";"प्रत्येक व्यक्ति को समानता का अधिकार है।";"हर व्यक्ति को समानता का अधिकार है।";"100.000000";"80.910671"
"47";"यदि प्रत्येक व्यक्ति को उच्च शिक्षा लेने का अवसर मिले , तो इस बात की अधिक संभावना है कि प्रत्येक व्यक्ति अधिक धन अर्जित करेगा , और तब व्यक्तियों के वर्गों के बीच कम अंतराल होगा।";"यदि प्रत्येक व्यक्ति को उच्च शिक्षा लेने का अवसर मिला है , तो इस बात की अधिक संभावना है कि प्रत्येक व्यक्ति बहुत अधिक धन अर्जित करेगा , और फिर व्यक्तियों के वर्गों के बीच कम अंतराल होगा।";"यदि प्रत्येक व्यक्ति को उच्च शिक्षा प्राप्त करने का अवसर मिलता है , तो इस बात की अधिक संभावना है कि प्रत्येक व्यक्ति बहुत अधिक पैसा कमाएगा , और फिर व्यक्तियों के वर्गों के बीच कम अंतराल होगा।";"75.754787";"59.287420"
"48";"यह समानता के मामले में मदद करता है।";"यह समानता के मामले में मदद करता है।";"यह समानता के मामले में मदद करता है।";"100.000000";"100.000000"
"49";"एक सफल व्यक्ति होने का सबसे अच्छा हिस्सा हमारा आत्मविश्वास है।";"सफल व्यक्ति होने का सबसे अच्छा हिस्सा हमारा आत्मविश्वास है।";"एक सफल व्यक्ति होने के सबसे अच्छे हिस्सों में से एक हमारा आत्मविश्वास है।";"90.483742";"26.584836"
"50";"शिक्षा व्यक्ति में आत्मविश्वास पैदा करती है।";"शिक्षा व्यक्ति में विश्वास पैदा करती है।";"शिक्षा व्यक्ति में आत्मविश्वास पैदा करती है।";"41.113362";"100.000000"
"51";"आप किसी ऐसे विषय पर और चर्चा कर सकते हैं जो आपको पहले से पता हो।";"आप एक और विषय पर चर्चा कर सकते हैं जो पहले से ही आपके लिए जाना जाता है।";"आप एक ऐसे विषय पर अधिक चर्चा कर सकते हैं जो आपको पहले से ही ज्ञात है।";"27.098212";"50.719609"
"52";"आप अपने ज्ञान से उस विषय पर दूसरों की तुलना में बहुत बेहतर तरीके से बात कर सकते हैं जो आपने अपनी शिक्षा से प्राप्त किया है।";"आप उस विषय के बारे में अपने ज्ञान के साथ दूसरों की तुलना में बेहतर बात कर सकते हैं जो आपने अपनी शिक्षा से प्राप्त किया है।";"आप अपने ज्ञान से उस विषय के बारे में दूसरों की तुलना में बहुत बेहतर बात कर सकते हैं जो आपने अपनी शिक्षा से प्राप्त किया है।";"56.274143";"75.392212"
"53";"शिक्षित व्यक्ति समाज में अपने नैतिक और नैतिक मूल्यों का विकास कर सकता है।";"एक व्यक्ति जो शिक्षित है वह समाज में अपने नैतिक और नैतिक मूल्यों का विकास कर सकता है।";"एक व्यक्ति जो शिक्षित है , वह समाज में अपने नैतिक और नैतिक मूल्यों को विकसित कर सकता है।";"65.910960";"39.670883"
"54";"यह हमें किसी भी माध्यम से समाज में ज्ञान फैलाने में मदद करता है।";"यह हमें किसी भी विधा के माध्यम से समाज में ज्ञान का प्रसार करने में मदद करता है।";"यह हमें किसी भी मोड के माध्यम से समाज में ज्ञान फैलाने में मदद करता है।";"47.183720";"74.478198"
"55";"यह सभी जानते हैं कि महान ज्ञान वाले व्यक्ति की समाज में सभी व्यक्तियों द्वारा सराहना की जाती है।";"यह सभी को ज्ञात है कि महान ज्ञान वाले व्यक्ति को समाज के सभी व्यक्तियों द्वारा सराहा जाता है।";"यह सभी जानते हैं कि महान ज्ञान वाले व्यक्ति को समाज के सभी व्यक्तियों द्वारा सराहा जाता है।";"29.153692";"52.027347"
"56";"यह व्यक्ति के समाज के साथ संबंध और संबंध बनाता है।";"यह समाज के साथ व्यक्ति के संबंध और संबंध बनाता है।";"यह समाज के साथ व्यक्ति का बंधन और संबंध बनाता है।";"52.809722";"36.132844"
"57";"शिक्षा की कमी वाला व्यक्ति घरेलू हिंसा , खराब जीवन स्तर आदि जैसी समस्याएं पैदा करता है।";"शिक्षा की कमी से पीड़ित व्यक्ति घरेलू हिंसा , जीवन के खराब मानकों आदि जैसी समस्याएं पैदा करता है।";"शिक्षा की कमी वाला व्यक्ति घरेलू हिंसा , खराब जीवन स्तर आदि जैसी समस्याएं पैदा करता है।";"46.096035";"100.000000"
"58";"अन्य तरीकों से , शिक्षा पुरुष और महिला दोनों और अन्य शिक्षित लोगों को एक बेहतर समाज बनाने की अनुमति देती है।";"अन्य तरीकों से , शिक्षा पुरुष और महिला और अन्य शिक्षित लोगों दोनों को एक बेहतर समाज बनाने की अनुमति देती है।";"अन्य तरीकों से , शिक्षा पुरुष और महिला और अन्य शिक्षित लोगों दोनों को एक बेहतर समाज बनाने की अनुमति देती है।";"79.824376";"79.824376"
"59";"क्योंकि अगर बेहतर शिक्षा नहीं होगी , तो हम जितना चाहते हैं उससे बेहतर समाज कोई नहीं होगा।";"क्योंकि अगर कोई बेहतर शिक्षा नहीं होगी , तो हमसे बेहतर समाज नहीं होगा।";"क्योंकि अगर बेहतर शिक्षा नहीं होगी , तो हम जितना चाहते हैं उससे बेहतर समाज नहीं होगा।";"35.876344";"86.133563"
"60";"यह एक प्रकार की शक्ति है जो किसी व्यक्ति के जीवन में जादू की तरह काम करती है ताकि वह बिना शिक्षा के उसे बेहतर तरीके से बना सके।";"यह एक प्रकार की शक्ति है जो किसी व्यक्ति के जीवन में जादू के रूप में काम करती है ताकि इसे बहुत बेहतर बनाया जा सके क्योंकि उसके पास शिक्षा के बिना है।";"यह एक तरह की शक्ति है जो किसी व्यक्ति के जीवन में जादू के रूप में काम करती है ताकि इसे बहुत बेहतर ढंग से बनाया जा सके क्योंकि उसके पास शिक्षा के बिना है।";"47.030772";"37.420316"
"61";"मैं अपने लेख को इन शब्दों के साथ समाप्त करना चाहता हूं कि प्रत्येक व्यक्ति को शिक्षित किया जाना चाहिए ताकि वह देश को हमारे देश को गौरवान्वित करने में मदद कर सके।";"मैं अपने लेख का समापन उन शब्दों के साथ करना चाहता हूं कि प्रत्येक व्यक्ति को शिक्षित किया जाना चाहिए ताकि वह राष्ट्र को गौरवान्वित करने में राष्ट्र की मदद कर सके।";"मैं अपने लेख को इन शब्दों के साथ समाप्त करना चाहता हूं कि प्रत्येक व्यक्ति को शिक्षित किया जाना चाहिए ताकि वह हमारे राष्ट्र को गौरवान्वित करने में राष्ट्र की मदद कर सके।";"55.988250";"77.745702"
"62";"साक्षरता की दर में वृद्धि से हजारों अपराधों को रोका जा सकता है।";"साक्षरता की दर में वृद्धि के साथ हजारों अपराधों को रोका जा सकता है।";"साक्षरता दर में वृद्धि से हजारों अपराधों को रोका जा सकता है।";"69.975223";"84.963642"
"63";"प्रत्येक राष्ट्र को अपने लोगों को शिक्षा के लिए प्रोत्साहित करना चाहिए।";"हर देश को अपने लोगों को शिक्षा के लिए प्रोत्साहित करना चाहिए।";"हर देश को अपने लोगों को शिक्षा के लिए प्रोत्साहित करना चाहिए।";"80.705573";"80.705573"
"64";"बंदूक की बैरल मेरी जुबान पर ठंडी थी।";"बंदूक की नली मेरी जीभ के खिलाफ ठंडी थी।";"बंदूक की नली मेरी जीभ के खिलाफ ठंडी थी।";"14.258770";"14.258770"
"65";"बंदूक के तेल में हल्का अम्लीय स्वाद था।";"बंदूक के तेल में हल्का अम्लीय स्वाद था।";"बंदूक के तेल में हल्का अम्लीय स्वाद था।";"100.000000";"100.000000"
"66";"मैं इस रास्ते के अंत तक पहुँच गया था।";"मैं इस रास्ते के अंत तक पहुंच गया था।";"मैं इस रास्ते के अंत तक पहुँच गया था।";"66.063286";"100.000000"
"67";"मेरा अतीत मुझे तेज़ करता रहा , जैसे विशाल लहरें किनारे की महान चट्टानों से टकराती हैं , अंततः उन्हें रेत में बदल देती हैं।";"मेरा अतीत मुझे रौंदता रहा , जैसे विशाल लहरें किनारे की महान चट्टानों के खिलाफ धड़कती हैं , अंततः उन्हें रेत में बदल देती हैं।";"मेरा अतीत मुझे तेज़ करता रहा , जैसे विशाल लहरें किनारे की महान चट्टानों के खिलाफ धड़कती थीं , अंततः उन्हें रेत में बदल देती थीं।";"68.804308";"72.973497"
"68";"जैसे ही मेरे चेहरे से आँसू बहने लगे , मैं बंदूक पर अपने दाँतों की गड़गड़ाहट सुन सकता था।";"मैं अपने दाँत को बंदूक की नोंक - झोंक सुनूं क्योंकि मेरे चेहरे पर आंसू बह रहे थे।";"मैं बंदूक पर अपने दांतों को क्लैटर सुन सकता था क्योंकि मेरे चेहरे पर आँसू बह रहे थे।";"5.557652";"17.699051"
"69";"मैंने अपनी शुरुआती यादों के बारे में सोचा।";"मैंने अपनी शुरुआती यादों के बारे में सोचा।";"मैंने अपनी शुरुआती यादों के बारे में सोचा।";"100.000000";"100.000000"
"70";"मुझे अपने दादा - दादी के घर पर ग्रीष्मकाल याद आ गया।";"मैं अपने दादा दादी के घर पर अधिक ग्रीष्मकाल याद आया .";"मुझे अपने दादा - दादी के घर पर ग्रीष्मकाल याद आया।";"28.646290";"81.553954"
"71";"रात में बेडरूम का दरवाजा खुलने से जागना और मेरे दादाजी ने कवर को पीछे खींच लिया।";"बेडरूम दरवाजा खोलने से रात में awoken जा रहा है , और मेरे दादा कवर वापस खींच।";"बेडरूम का दरवाजा खुलने से रात में जागना , और मेरे दादाजी कवर वापस खींच रहे थे।";"7.692375";"33.599731"
"72";"मुझे याद आया कि मुझे उसके साथ खेतों में काम करना था , और उसने कैसे बाहर के लिए मेरे प्यार को नष्ट कर दिया।";"मुझे याद था कि मुझे उनके साथ काम करना था , और उन्होंने कैसे बाहर के लोगों के लिए अपने प्यार को नष्ट कर दिया था।";"मुझे याद आया कि उसके साथ खेतों में काम करना था , और कैसे उसने बाहर के लिए मेरे प्यार को नष्ट कर दिया।";"32.264018";"74.905926"
"73";"मुझे डर और शर्म की भावनाएँ याद आईं।";"मुझे बड़े दुख और शर्म की भावना याद थी।";"मुझे डर और शर्म की भावना याद आई।";"20.164946";"54.108227"
"74";"मुझे भ्रम की याद आ गई , न जाने कैसे किसी को बताऊं कि क्या हो रहा था।";"मुझे भ्रम की स्थिति याद आ गई , यह नहीं पता था कि किसी को क्या हो रहा है।";"मुझे भ्रम याद आया , यह नहीं जानते कि किसी को कैसे बताया जाए कि क्या हो रहा था।";"25.859765";"26.104909"
"75";"मुझे यह महसूस करने में कई मिनट लगे कि बंदूक मिसफायर हो गई थी।";"मुझे यह महसूस करने में कई मिनट लगे कि बंदूक ने गलत काम किया है।";"मुझे यह महसूस करने में कई मिनट लगे कि बंदूक मिसफायर हो गई थी।";"62.628450";"100.000000"
"76";"वह बंदूक उस समय तक कभी भी मिसफायर नहीं हुई थी।";"वह बंदूक उस बिंदु तक कभी गलत नहीं हुई थी।";"उस बंदूक को उस बिंदु तक कभी मिसफायर नहीं किया गया था।";"27.007098";"10.600313"
"77";"मैंने हज़ारों फेरे लगाए थे , और कभी मिसफायर नहीं हुआ।";"मैंने हजारों राउंड लगाए थे , और कभी भी गलत काम नहीं किया।";"मैंने हजारों राउंड लगाए थे , और कभी मिसफायर नहीं किया।";"31.455602";"59.004687"
"78";"मुझमें यह कहने का अहंकार नहीं है कि मैं जानता हूं कि उस रात मुझे क्यों बख्शा गया , लेकिन मैं यह जानता हूं कि एक उंगली के झटके से मेरी जिंदगी हमेशा के लिए बदल गई ; यह समाप्त भी हो सकता था।";"मेरे पास अहंकार नहीं है यह कहने के लिए कि मुझे उस रात क्यों बख्शा गया , लेकिन मुझे जो पता है वह यह है कि एक उंगली की चिकोटी के साथ , मेरा जीवन हमेशा के लिए बदल गया ; यह भी समाप्त हो सकता था।";"मुझे यह कहने का अहंकार नहीं है कि मुझे पता है कि मुझे उस रात क्यों बख्शा गया था , लेकिन मुझे क्या पता है कि उंगली की चिकोटी के साथ , मेरा जीवन हमेशा के लिए बदल गया ; यह समाप्त भी हो सकता था।";"23.124116";"36.123707"
"79";"तब मुझे वे सभी अद्भुत अनुभव नहीं हुए होते जो मैंने तब से अनुभव किए हैं।";"तब से मेरे पास जितने भी अद्भुत अनुभव नहीं थे।";"तब मुझे तब से सभी अद्भुत अनुभव नहीं हुए होंगे।";"10.779063";"27.634520"
"80";"मुझे पता है कि अंधेरा कितना गहरा जाता है , और जब वह अंधेरा हो जाता है तो आप केवल आत्महत्या ही देख सकते हैं ; लेकिन मैं आपसे वादा करता हूं कि अगर आप बस रुक जाएं , एक सांस लें और अपनी आंखों को अंधेरे के अनुकूल होने दें , तो आप उन सभी चमत्कारिक संभावनाओं को देखेंगे जो आपके सामने खड़ी हैं।";"मैं जानता हूँ कि कितना गहरा अंधेरा हो जाता है , और जब यह हो जाता है कि अंधेरे ही एकमात्र रास्ता आप देख सकते हैं आत्महत्या है ; लेकिन मैं तुमसे वादा करता हूँ अगर तुम बस बंद करो , एक सांस लेने के लिए और अपनी आँखें अंधेरे को अनुकूलित करते हैं आप सभी चमत्कारिक संभावनाओं है कि आप से पहले खड़े देखेंगे .";"मुझे पता है कि अंधेरा कितना गहरा हो जाता है , और जब यह अंधेरा हो जाता है तो एकमात्र रास्ता जिसे आप देख सकते हैं वह आत्महत्या है ; लेकिन मैं आपसे वादा करता हूं कि अगर आप बस रुकते हैं , तो एक सांस लें और अपनी आंखों को अंधेरे में आदी होने दें , आप उन सभी अद्भुत संभावनाओं को देखेंगे जो आपके सामने खड़ी हैं।";"18.673720";"58.166950"
"81";"अनुमान से हवा इतनी घनी थी कि मुझे सांस लेने में तकलीफ हो रही थी।";"हवा इस प्रत्याशा से इतनी मोटी थी कि मुझे सांस लेने में तकलीफ हो रही थी।";"प्रत्याशा के साथ हवा इतनी मोटी थी कि मुझे सांस लेने में परेशानी हो रही थी।";"62.233298";"41.693929"
"82";"वह अपने हाथों को सिकोड़ते हुए वहीं बैठ गया क्योंकि वह उन शब्दों को बोलने के लिए संघर्ष कर रहा था जो उसे चालीस वर्षों से परेशान कर रहे थे।";"चालीस वर्ष तक वह अपने हाथों को चीरकर बैठा रहा। उसे लगा कि वह उन शब्दों को बोलने के लिए संघर्ष कर रहा है , जिन्होंने उसे पूर्वाभास तक पहुँचाया था।";"वह अपने हाथों को मरोड़ते हुए बैठे थे क्योंकि वह उन शब्दों को बोलने के लिए संघर्ष कर रहे थे जो उन्हें चालीस साल से प्रेतवाधित कर रहे थे।";"37.764876";"44.592163"
"83";"मेरे पिता ने कभी भी बातचीत करने के लिए संघर्ष नहीं किया था , और कई मौकों पर गर्व से घोषित किया था कि वह "" कभी किसी अजनबी से नहीं मिले "" , लेकिन इस उदास रविवार की दोपहर में वह मुस्कराए जैसे कि वह दुःस्वप्न का वर्णन करने के लिए शब्दों की तलाश करने की कोशिश कर रहे थे। कि वह तीन साल तक जीवित रहा।";"मेरे पिता ने कभी भी बातचीत करने के लिए संघर्ष नहीं किया था , और गर्व से कई मौकों पर घोषित किया था कि वह "" कभी किसी अजनबी से नहीं मिला था , "" लेकिन इस उदास रविवार की दोपहर में वह दुखी हो गया जैसे कि वह दर्द में थे जो शब्दों का वर्णन करने की कोशिश कर रहे थे। वह तीन साल तक जीवित रहा था।";"मेरे पिता ने कभी बातचीत करने के लिए संघर्ष नहीं किया था , और गर्व से कई मौकों पर घोषणा की थी कि वह "" कभी भी एक अजनबी से नहीं मिला था , "" लेकिन इस उदास रविवार की दोपहर को वह दर्द में था जैसे कि वह दुःस्वप्न का वर्णन करने के लिए शब्दों की तलाश करने की कोशिश कर रहा था जो वह तीन साल तक रहता था।";"62.210471";"55.770513"
"84";"हालाँकि मेरे पिता कभी बड़े आदमी नहीं थे , लेकिन वे हमेशा से ही मजबूत और मजबूत थे।";"हालांकि मेरे पिता कभी बड़े आदमी नहीं थे , लेकिन वह हमेशा मजबूत और मजबूत रहे थे।";"यद्यपि मेरे पिता कभी बड़े आदमी नहीं थे , लेकिन वह हमेशा मजबूत और मजबूत थे।";"55.220271";"60.583987"
"85";"मैं हमेशा उन दिनों के लिए चिंतित रहता था जब मुझे एक लड़के का परिचय देना पड़ता था कि मैं इस डर से डेटिंग कर रहा था कि मेरे पिता उसे डरा देंगे , जैसा कि वह अक्सर करता था।";"मैं हमेशा दिनों के लिए चिंतित था जब मैं एक लड़का है कि मैं डर है कि मेरे पिता उसे डराना होगा के लिए डेटिंग कर रहा था शुरू करने के लिए किया था , के रूप में वह अक्सर किया था .";"मैं हमेशा उन दिनों के लिए चिंतित था जब मुझे एक लड़के को पेश करना पड़ा था जिसे मैं डर से डेट कर रहा था कि मेरे पिता उसे डरा देंगे , जैसा कि वह अक्सर करता था।";"20.867306";"63.150724"
"86";"अब , हालांकि , मैं उस छोटे , भयभीत व्यक्ति को लगभग नहीं पहचान पाया था जिसे मैंने आशंका में देखा था।";"अब , हालांकि , मैंने लगभग उस छोटे , भयभीत आंकड़े को नहीं पहचाना जो मैंने आशंका में देखा था।";"अब , हालांकि , मैंने लगभग उस छोटे , भयभीत आंकड़े को नहीं पहचाना जिसे मैंने आशंका में देखा था।";"40.087946";"45.569021"
"87";"इस समय उसकी भावनात्मक कमजोरी ने मेरा दिल तोड़ दिया।";"इस समय उनकी भावनात्मक कमजोरी ने मेरा दिल तोड़ दिया।";"इस समय उनकी भावनात्मक कमजोरी ने मेरा दिल तोड़ दिया।";"70.710678";"70.710678"
"88";"अंत में , अनंत काल की प्रतीक्षा करने के बाद , उसने आखिरकार मेरी ओर देखा , केवल बीस साल की एक पतली लड़की , एक नवजात शिशु को पकड़े हुए , और कमजोर रूप से मुस्कुराई।";"अंत में , एक अनंत काल के इंतजार के बाद , उसने आखिरकार मुझे देखा , केवल बीस साल की एक पतली लड़की ने एक नवजात बच्चा पकड़ा , और कमजोर होकर मुस्कुराया।";"अंत में , प्रतीक्षा करने के बाद जो अनंत काल लग रहा था , उसने आखिरकार मुझे देखा , केवल बीस साल की एक पतली लड़की ने एक नवजात शिशु को पकड़ लिया , और कमजोर मुस्कुराया।";"40.703387";"45.147743"
"89";"मैंने उसे यह बताने के लिए अपना मुंह खोला कि सब कुछ ठीक है , और अगर वह तैयार नहीं था , तो उसे मुझे ये बातें बताने की जरूरत नहीं थी , जो उस पर बहुत भारी पड़ती थी , लेकिन वह सिर्फ कमजोर रूप से मुस्कुराया और मुझे चुप कराने के लिए अपना हाथ पकड़ लिया। आपत्तियां";"मैं उसे बताने के लिए मेरे मुंह खोला सब कुछ ठीक था कि , और वह मुझे वह तैयार नहीं था अगर उस पर इतना भारी तौला कि इन बातों को बताने की जरूरत नहीं थी कि , लेकिन वह सिर्फ कमजोर मुस्कराए और मेरी आपत्तियों चुप करने के लिए उसके हाथ को पकड़ लिया .";"मैंने उसे यह बताने के लिए अपना मुंह खोला कि सब कुछ ठीक है , और उसे मुझे ये बातें बताने की ज़रूरत नहीं थी जो तैयार नहीं होने पर उस पर इतना भारी पड़ गया था , लेकिन वह सिर्फ कमजोर मुस्कुराया और मेरी आपत्तियों को शांत करने के लिए अपना हाथ पकड़ लिया।";"23.818284";"51.752193"
"90";"मैंने उसके कहने के अनुसार किया और अपने सपने देखने वाले बच्चे को अपने पालने में सोने के लिए रख दिया , फिर मैं अपने पिता की कुर्सी के पास सोफे पर बैठ गया ताकि मैं उनके करीब रह सकूं।";"मैंने किया के रूप में वह पूछा और सोने के लिए अपने पालना में मेरे सपना देख बच्चे को डाल दिया , तो मैं अपने पिता की कुर्सी के पास सोफे पर बैठे थे इतना है कि मैं उसके करीब हो सकता है के रूप में वह बात की थी .";"मैंने वैसा ही किया जैसा उसने पूछा और अपने सपने देखने वाले बच्चे को सोने के लिए अपने पालना में डाल दिया , फिर मैं अपने पिता की कुर्सी के पास सोफे पर बैठ गया ताकि मैं उसके करीब रह सकूं क्योंकि वह बोलता था।";"22.135852";"52.384800"
"91";"मैं वहां था , शिकागो , जहां वह अब रहता था , और मुझे अभी आना था।";"मैं शिकागो , जहां वह अब रहते थे , वहां था और मैं सिर्फ आया था .";"मैं वहाँ था , शिकागो , जहाँ वह अब रहता था , और मुझे बस आना था।";"27.569662";"54.119275"
"92";"मैंने कार्गो एरिया से अपना बैग निकाला और मेट्रो की तलाश शुरू की।";"मैं कार्गो क्षेत्र से मेरे बैग को पुनः प्राप्त और मेट्रो की तलाश शुरू कर दिया।";"मैंने कार्गो क्षेत्र से अपना बैग निकाला और मेट्रो की तलाश शुरू कर दी।";"25.748661";"64.500011"
"93";"यह , मैं उत्साहित था।";"इस बात को लेकर मैं काफी उत्साहित था।";"इस को लेकर मैं उत्साहित था।";"12.223076";"30.213754"
"94";"मैं मेट्रो ट्रेन में कभी नहीं गया था और इंतजार नहीं कर सकता था।";"मैं कभी सबवे ट्रेन में नहीं गया था और इंतजार नहीं कर सकता था।";"मैं कभी मेट्रो ट्रेन में नहीं गया था और इंतजार नहीं कर सकता था।";"67.250801";"72.724541"
"95";"मैंने एक पुलिस अधिकारी से पूछा कि कहाँ जाना है , और उसने मुझे बताया कि मुझे अपनी किराये की कार तक पहुँचने के लिए कौन सी ट्रेन पकड़नी है और किस सड़क पर उतरना है।";"मैंने एक पुलिस अधिकारी से पूछा कि कहां जाना है , और उसने मुझे बताया कि वास्तव में क्या ट्रेन पकड़ने के लिए और सड़क पर उतरने के लिए क्या रोकना है मुझे अपनी किराये की कार में जाने की जरूरत है।";"मैंने एक पुलिस अधिकारी से पूछा कि कहां जाना है , और उसने मुझे बताया कि वास्तव में कौन सी ट्रेन पकड़नी है और सड़क के लिए उतरने के लिए मुझे अपनी किराये की कार तक जाने की क्या ज़रूरत है।";"41.789642";"54.347733"
"96";"इस शहर में पहुंचने के दो घंटे बाद मैं आखिरकार अपने होटल में था।";"इस शहर में आने के दो घंटे बाद मैं आखिरकार अपने होटल में गया।";"इस शहर में आने के दो घंटे बाद मैं आखिरकार अपने होटल में था।";"69.975223";"78.254229"
"97";"सारी रात बस में बैठने के बाद , मैं स्नान करने , साफ कपड़े पहनने , खाने के लिए काटने के अलावा और कुछ नहीं चाहता था , और फिर , मैं फोन करता।";"सारी रात एक बस में बैठने के बाद , मैं शॉवर लेने , साफ कपड़े पहनने , खाने के लिए काटने और फिर , मैं कॉल करना चाहता था।";"पूरी रात बस में बैठने के बाद , मुझे स्नान करने , साफ कपड़े पहनने , खाने के लिए काटने के अलावा और कुछ नहीं चाहिए था , और फिर , मैं फोन करूंगा।";"48.671936";"77.822066"
"98";"हमने अपनी यात्रा के बारे में बात की और उनकी नौकरी कैसी चल रही थी।";"हमने अपनी यात्रा के बारे में बात की और उनकी नौकरी कैसे चल रही थी।";"हमने अपनी यात्रा के बारे में बात की और बताया कि उनका काम कैसा चल रहा है।";"80.032032";"49.247906"
"99";"उन्होंने टेनेसी में हमारे दोस्तों के बारे में और हमारे भवन के आसपास नवीनतम गपशप के बारे में पूछा।";"उन्होंने टेनेसी में हमारे दोस्तों के बारे में और हमारी इमारत के आसपास नवीनतम गपशप के बारे में पूछा।";"उन्होंने टेनेसी में हमारे दोस्तों के बारे में और हमारी इमारत के आसपास नवीनतम गपशप के बारे में पूछा।";"79.126199";"79.126199"
"100";"ऐसा आया जैसे मुझे पता था कि यह होगा।";"जैसे मैं यह पता था यह होगा आया था .";"ऐसा लगा जैसे मुझे पता था कि ऐसा होगा।";"10.552670";"48.549177"
"101";"मैंने उससे पूछा कि क्या वह उस रात इसे बनाने में सक्षम होने जा रहा था।";"मैंने उससे पूछा कि क्या वह उस रात में इसे बनाने में सक्षम होने जा रहा था।";"मैंने उससे पूछा कि क्या वह उस रात इसे बनाने में सक्षम होगा।";"82.824775";"72.419077"
"102";"हैरानी की बात है कि उन्होंने हां कर दी।";"हैरानी की बात है कि उन्होंने हां कहा।";"हैरानी की बात यह है कि उन्होंने हां कह दिया।";"74.208848";"37.991784"
"103";"वह उस शाम करीब छह बजे पहुंचा , हमेशा की तरह अच्छी महक , एक आदमी की तरह , लकड़ी की महक वाली कोलोन लेकिन उस दिन कड़ी मेहनत से पसीने का एक संकेत।";"वह उस शाम छह बजे के आसपास आया , जो हमेशा की तरह अच्छा महक रहा था , एक आदमी की तरह , लकड़ी से सूंघने वाला कोलोन लेकिन उस दिन कड़ी मेहनत करने से पसीने का संकेत।";"वह उस शाम लगभग छह बजे आया , एक आदमी की तरह , जंगली सुगंधित कोलोन लेकिन उस दिन कड़ी मेहनत करने से पसीने का संकेत।";"38.961882";"35.218696"
"104";"उसने पूछा कि क्या मैंने रात का खाना खाया है , और मैंने उसे नहीं बताया , इसलिए हम बॉब इवांस के बगल में गए और रात का खाना खाया।";"उसने मुझसे पूछा कि क्या मैंने रात का खाना खाया था , और मैंने उसे नहीं बताया , इसलिए हम बॉब इवांस के पास गए और रात का खाना खाया।";"उसने पूछा कि क्या मैंने रात का खाना खाया था , और मैंने उसे नहीं बताया , इसलिए हम बॉब इवांस के बगल में गए और रात का खाना खाया।";"75.271811";"90.959306"
"105";"रात के खाने के बाद मुझे पता था कि यह होने वाला है।";"रात के खाने के बाद मुझे पता था कि ऐसा होने वाला है।";"रात के खाने के बाद मुझे पता था कि ऐसा होने वाला है।";"76.116060";"76.116060"
"106";"हम इसे समाप्त कर देंगे या इसे अधिक समय तक खींचेंगे , लेकिन मैं उसकी आधी मुस्कान और हमारे रात्रिभोज के दौरान दूर के रूप में बता सकता था कि क्या होने वाला था।";"हम इसे खत्म कर देंगे या इसे लंबे समय तक खींच लेंगे , लेकिन मैं उसकी आधी मुस्कान से बता सकता हूं और हमारे खाने के दौरान दूर - दूर से देख रहा हूं कि क्या होने वाला था।";"हम इसे समाप्त कर देंगे या इसे लंबे समय तक खींच लेंगे , लेकिन मैं अपने रात्रिभोज के दौरान अपनी आधी मुस्कुराहट और दूर दिखने से बता सकता था कि क्या होने वाला था।";"34.535136";"47.095759"
"107";"उन्होंने समझाया कि जब वह वहां रहते थे तब से वह एक पुरानी लौ से मिले थे और चीजें ठीक चल रही थीं।";"उसने बताया कि वह एक पुरानी लौ से मिला जब वह पहले वहाँ रहता था और चीजें अच्छी तरह से चल रही थीं।";"उन्होंने समझाया कि जब वह पहले वहां रहते थे तब से वह एक पुरानी लौ से मिले थे और चीजें अच्छी तरह से चल रही थीं।";"25.481621";"70.161166"
"108";"हालांकि यह चेहरे पर एक जोरदार थप्पड़ की तरह महसूस हुआ , जैसे जब मैंने अपने माता - पिता से एक बच्चे के रूप में बात की , तो कम से कम मुझे आश्चर्य नहीं हुआ।";"जबकि यह पूरे चेहरे पर एक कठिन थप्पड़ की तरह महसूस किया , जैसे जब मैंने अपने माता - पिता को एक बच्चे के रूप में बात की , तो कम से कम मुझे आश्चर्य नहीं हुआ।";"हालांकि यह चेहरे पर एक कठिन थप्पड़ की तरह महसूस हुआ , जैसे कि जब मैंने अपने माता - पिता को एक बच्चे के रूप में बात की , तो कम से कम मुझे आश्चर्य नहीं हुआ।";"69.861193";"77.890816"
"109";"हम वहाँ एक और घंटे के लिए वहाँ के मौसम के बारे में बात कर रहे थे और टेनेसी में और हर दूसरे विषय के बारे में जो आप सोच सकते हैं।";"हम वहाँ ऊपर मौसम के बारे में बात कर एक और घंटे वहाँ खड़ा था और टेनेसी में और हर दूसरे विषय के बारे में आप सोच सकते हैं .";"हम वहाँ और टेनेसी में मौसम के बारे में बात करते हुए एक और घंटे खड़े थे और हर दूसरे विषय के बारे में आप सोच सकते हैं।";"52.752395";"46.274567"
"110";"दस बजे थे।";"दस बज चुके थे।";"दस बज रहे थे।";"18.995892";"18.995892"
"111";"मेरे पास एक लंबी बस की सवारी थी , और अब जब मुझे पता था कि हम कर चुके हैं , मैंने अपना शेष समय शिकागो में एक पर्यटक के रूप में बिताने की योजना बनाई है , इसलिए हमने एक आखिरी बार चूमा , आवश्यकता से अधिक समय तक गले लगाया , और हमारे अलविदा कहा।";"मैं एक लंबी बस की सवारी थी , और अब मुझे पता था कि हम किया गया था , मैं एक पर्यटक के रूप में शिकागो में अपने समय के बाकी खर्च करने की योजना बनाई है , तो हम एक पिछली बार चूमा , आवश्यक से अधिक समय गले लगा , और कहा कि हमारे अच्छा बेयस .";"मेरे पास एक लंबी बस की सवारी थी , और अब जब मुझे पता था कि हम कर चुके थे , तो मैंने अपना बाकी समय शिकागो में एक पर्यटक के रूप में बिताने की योजना बनाई , इसलिए हमने आखिरी बार चुंबन लिया , आवश्यकता से अधिक समय तक गले लगाया , और हमारे अच्छे अलविदा कहा।";"37.630259";"72.373492"
"112";"उस अध्याय का दरवाजा बंद करने के लिए ताकि मैं अगले अध्याय की शुरुआत उस आदमी से कर सकूं जो मेरी प्रतीक्षा कर रहा था।";"उस अध्याय का दरवाजा बंद करने के लिए तो मैं आदमी है जो मुझ पर इंतजार कर रहे थे के साथ अगले शुरू कर सकता है।";"उस अध्याय पर दरवाजा बंद करने के लिए ताकि मैं उस आदमी के साथ अगला शुरू कर सकूं जो मुझ पर इंतजार कर रहा था।";"30.086642";"37.035790"
"113";"जिस आदमी को मैं अब गर्व से अपना पति कहती हूं।";"उस आदमी को मैं गर्व से अब अपने पति कहता हूँ .";"जिस आदमी को मैं गर्व से अब अपने पति को बुलाती हूं।";"17.242221";"27.901594"
"114";"क्योंकि अधिकांश स्कूल कर्मियों को आमतौर पर अफ्रीकी अमेरिकी छात्रों की जटिल जरूरतों के प्रति सांस्कृतिक रूप से संवेदनशील होने के लिए प्रशिक्षित नहीं किया जाता है , अक्सर अफ्रीकी अमेरिकी छात्रों को गलत समझा जाता है , गलत व्यवहार किया जाता है , और अन्य छात्रों की तुलना में कठोर अनुशासन दिया जाता है।";"क्योंकि अधिकांश स्कूल कर्मियों को आमतौर पर अफ्रीकी अमेरिकी छात्रों की जटिल जरूरतों के प्रति सांस्कृतिक रूप से संवेदनशील होने के लिए प्रशिक्षित नहीं किया जाता है , अक्सर अफ्रीकी अमेरिकी छात्रों को गलत समझा जाता है , गलत तरीके से इलाज किया जाता है , और अन्य छात्रों की तुलना में कठोर अनुशासन दिया जाता है।";"क्योंकि अधिकांश स्कूल कर्मियों को आमतौर पर अफ्रीकी अमेरिकी छात्रों की जटिल जरूरतों के प्रति सांस्कृतिक रूप से संवेदनशील होने के लिए प्रशिक्षित नहीं किया जाता है , अक्सर अफ्रीकी अमेरिकी छात्रों को गलत समझा जाता है , अनुचित व्यवहार किया जाता है , और अन्य छात्रों की तुलना में कठोर अनुशासन दिया जाता है।";"91.822107";"95.256182"
"115";"स्कूल के प्रशासकों और पब्लिक स्कूलों में उनके कुछ गोरे साथियों से नस्लवाद से निपटने के तरीके के बारे में अपने बच्चों से बात करना , दूसरों के बीच एक प्रचलित बातचीत है , जिस पर मैं अपने बच्चों के साथ चर्चा करता हूं।";"स्कूल प्रशासकों और सार्वजनिक स्कूलों में उनके कुछ श्वेत साथियों से नस्लवाद से निपटने के तरीके के बारे में मेरे बच्चों से बात करना एक प्रचलित बातचीत है , दूसरों के बीच , कि मैं अपने बच्चों के साथ चर्चा करता हूं।";"स्कूल प्रशासकों और पब्लिक स्कूलों में उनके कुछ सफेद साथियों से नस्लवाद से निपटने के तरीके के बारे में अपने बच्चों से बात करना एक प्रचलित बातचीत है , दूसरों के बीच , कि मैं अपने बच्चों के साथ चर्चा करता हूं।";"60.855562";"73.462704"
"116";"ऐसे समय होते हैं जब मेरे बच्चे स्कूल कर्मियों द्वारा उनके साथ किए गए अनुशासनात्मक उपायों के कारण बहुत परेशान होकर स्कूल से घर आते हैं , जो उनके चरित्र की तुलना में उनकी नस्ल को अधिक प्रतिबिंबित करते थे।";"ऐसे समय में जब मेरे बच्चे स्कूल से बहुत परेशान होकर घर आए हैं , क्योंकि स्कूल के कर्मियों द्वारा उनके साथ किए गए अनुशासनात्मक उपायों के कारण उनके चरित्र की तुलना में उनकी दौड़ अधिक प्रतिबिंबित होती है।";"ऐसे समय होते हैं जब मेरे बच्चे स्कूल कर्मियों द्वारा उनके साथ किए गए अनुशासनात्मक उपायों के कारण स्कूल से बहुत परेशान होकर घर आते हैं जो उनके चरित्र की तुलना में उनकी जाति के बारे में अधिक प्रतिबिंबित होते हैं।";"48.541878";"65.360273"
"117";"सभी निलंबित अल्पसंख्यक छात्रों में से 71 प्रतिशत अहिंसक अपराधों और स्कूल नीतियों को तोड़ने जैसी चीजों के लिए निलंबित हैं।";"अहिंसक अपराधों और स्कूल की नीतियों को तोड़ने जैसी चीजों के लिए सभी निलंबित अल्पसंख्यक छात्रों में से सत्तर प्रतिशत को निलंबित कर दिया गया है।";"सभी निलंबित अल्पसंख्यक छात्रों में से सत्तर प्रतिशत को अहिंसक अपराधों और स्कूल नीतियों को तोड़ने जैसी चीजों के लिए निलंबित कर दिया जाता है।";"50.539154";"64.042795"
"118";"हर जगह लोग मुड़ते हैं - वेबसाइट , पत्रिकाएँ , और सूचना - पत्र - स्वास्थ्य में सुधार के लिए सलाह उन पर बमबारी करती है।";"हर जगह लोग बारी - वेबसाइट , पत्रिकाएँ , और इन्फ़ोमर्शियल - स्वास्थ्य में सुधार के लिए सलाह उन्हें बमबारी करती है।";"हर जगह लोग बदल जाते हैं - वेबसाइट , पत्रिकाएं और इन्फोमर्शियल - स्वास्थ्य में सुधार के लिए सलाह उन्हें बमबारी करती है।";"49.575245";"41.410458"
"119";"इस सलाह में से अधिकांश व्यावसायिक रूप से उन लोगों द्वारा प्रेरित हैं जो संदिग्ध पूरक और आहार चालबाज़ियों को बेचने के लिए उत्सुक हैं।";"इस सलाह का अधिकांश व्यावसायिक रूप से उन लोगों द्वारा प्रेरित है जो संदिग्ध पूरक और आहार नौटंकी बेचने के लिए उत्सुक हैं।";"इस सलाह में से अधिकांश व्यावसायिक रूप से संदिग्ध पूरक और आहार नौटंकी बेचने के लिए उत्सुक लोगों से प्रेरित हैं।";"58.214175";"48.686341"
"120";"हालांकि , इसमें से कुछ , विशेष रूप से नियमित व्यायाम कार्यक्रम की वकालत करने वाले , गंभीर ध्यान देने योग्य हैं।";"हालांकि , इसमें से कुछ , विशेष रूप से एक नियमित व्यायाम कार्यक्रम की वकालत करते हुए , गंभीर ध्यान देते हैं।";"हालांकि , इसमें से कुछ , विशेष रूप से एक नियमित व्यायाम कार्यक्रम की वकालत करते हुए , गंभीर ध्यान देने योग्य हैं।";"59.616216";"70.453076"
"121";"ऐसा कार्यक्रम , यदि यह सप्ताह में तीन बार कम से कम तीस मिनट का हो और यदि किसी व्यक्ति का चिकित्सक इसे अनुमोदित करता है , तो कई लाभ प्रदान करता है।";"इस तरह का एक कार्यक्रम , अगर यह सप्ताह में तीन बार कम से कम तीस मिनट के होते हैं और अगर एक व्यक्ति के चिकित्सक इसे मंजूरी दी , कई लाभ प्रदान करता है।";"इस तरह का कार्यक्रम , यदि इसमें सप्ताह में तीन बार कम से कम तीस मिनट होते हैं और यदि किसी व्यक्ति का चिकित्सक इसे मंजूरी देता है , तो कई लाभ प्रदान करता है।";"40.603255";"61.820137"
"122";"नियमित व्यायाम तनाव मुक्त करता है , मांसपेशियों की टोन में सुधार करता है और सहनशक्ति को बढ़ाता है।";"नियमित व्यायाम तनाव जारी करता है , मांसपेशियों की टोन में सुधार करता है , और सहनशक्ति बढ़ाता है।";"नियमित व्यायाम तनाव जारी करता है , मांसपेशियों की टोन में सुधार करता है , और सहनशक्ति बढ़ाता है।";"62.199151";"62.199151"
"123";"व्यायाम के सबसे तात्कालिक लाभों में से एक तनाव से मुक्ति है।";"व्यायाम के सबसे तत्काल लाभों में से एक तनाव की रिहाई है।";"व्यायाम के सबसे तात्कालिक लाभों में से एक तनाव की रिहाई है।";"43.668354";"72.925717"
"124";"तनाव , चिंता या भय से उत्पन्न एड्रेनालाईन के अत्यधिक संचय के कारण शरीर में तनाव का निर्माण होता है।";"तनाव तनाव , चिंता या भय द्वारा उत्पन्न एड्रेनालाईन के अधिक संचय के कारण शरीर में तनाव पैदा होता है।";"तनाव , चिंता या भय से उत्पन्न एड्रेनालाईन के अधिक संचय के कारण शरीर में तनाव पैदा होता है।";"50.694874";"67.304900"
"125";"डॉक्टर मानते हैं कि तीस मिनट तक व्यायाम करने से तनाव दूर होता है।";"डॉक्टर सहमत हैं कि तीस मिनट के लिए व्यायाम करने से तनाव जारी होता है।";"डॉक्टर इस बात से सहमत हैं कि तीस मिनट तक व्यायाम करने से तनाव दूर होता है।";"37.030468";"68.896568"
"126";"तनाव मुक्त होने के बाद , क्षुद्र चिड़चिड़ेपन और कुंठाओं को कम परेशान करना चाहिए।";"तनाव के बाद छोटी - छोटी परेशानियां और निराशाएं कम परेशान करने वाली होनी चाहिए।";"तनाव जारी होने के बाद , छोटी जलन और कुंठाएं कम परेशान होनी चाहिए।";"8.549162";"21.784659"
"127";"इसलिए , नियोजित शारीरिक व्यायाम तनाव को कम या कम से कम नियंत्रित कर सकता है।";"इसलिए , नियोजित शारीरिक व्यायाम , कम से कम नियंत्रण , तनाव को कम कर सकता है।";"नियोजित शारीरिक व्यायाम , इसलिए , तनाव को कम कर सकता है , या कम से कम नियंत्रण कर सकता है।";"41.412388";"26.881065"
"128";"बेहतर मांसपेशी टोन नियमित व्यायाम का दूसरा लाभ है।";"बेहतर मांसपेशी टोन नियमित व्यायाम का दूसरा लाभ है।";"मांसपेशियों की टोन में सुधार नियमित व्यायाम का दूसरा लाभ है।";"100.000000";"47.987821"
"129";"हालांकि एक बेहतर स्वभाव के रूप में तुरंत स्पष्ट नहीं है , सुधार आता है।";"यद्यपि एक बेहतर स्वभाव के रूप में तुरंत स्पष्ट नहीं है , सुधार आता है।";"यद्यपि एक बेहतर स्वभाव के रूप में तुरंत स्पष्ट नहीं है , सुधार आता है।";"92.539118";"92.539118"
"130";"एक नियमित व्यायाम कार्यक्रम शुरू करने के लगभग एक महीने बाद , न केवल किसी की मांसपेशियों में बल्कि किसी की मुद्रा में भी बढ़ी हुई ताकत देखी जा सकती है।";"नियमित व्यायाम कार्यक्रम शुरू करने के लगभग एक महीने बाद , न केवल किसी की मांसपेशियों में बल्कि किसी की मुद्रा में भी बढ़ी हुई ताकत देखी जा सकती है।";"नियमित व्यायाम कार्यक्रम शुरू करने के लगभग एक महीने बाद , बढ़ी हुई ताकत न केवल किसी की मांसपेशियों में बल्कि किसी की मुद्रा में भी देखी जा सकती है।";"96.721610";"80.068317"
"131";"लगातार व्यायाम से ताकत बढ़ती रहेगी।";"निरंतर अभ्यास से ताकत बढ़ती रहेगी।";"निरंतर व्यायाम शक्ति में वृद्धि जारी रखेगा।";"50.813275";"6.567275"
"132";"वास्तव में , नियमित व्यायाम से मांसपेशियों की टोन में वृद्धि एक संचयी लाभ है।";"वास्तव में , नियमित व्यायाम से मांसपेशियों की टोन में वृद्धि एक संचयी लाभ है।";"वास्तव में , नियमित व्यायाम से मांसपेशियों की टोन में वृद्धि एक संचयी लाभ है।";"100.000000";"100.000000"
"133";"तनाव कम करने और शारीरिक शक्ति बढ़ाने के अलावा , व्यायाम से सहनशक्ति पैदा होती है।";"तनाव कम करने और शारीरिक शक्ति में वृद्धि के अलावा , व्यायाम सहनशक्ति का उत्पादन करता है।";"कम तनाव और शारीरिक शक्ति में वृद्धि के अलावा , व्यायाम सहनशक्ति पैदा करता है।";"44.815017";"26.657812"
"134";"एक मजबूत , कम तनावग्रस्त शरीर तनावपूर्ण , कमजोर की तुलना में सामान्य थकान को सहन करने में अधिक सक्षम होता है।";"एक मजबूत , कम तनावग्रस्त शरीर एक तनाव , कमजोर की तुलना में सामान्य थकान को दूर करने में अधिक सक्षम होता है।";"एक मजबूत , कम तनावग्रस्त शरीर एक तनावपूर्ण , कमजोर की तुलना में सामान्य थकान का सामना करने में अधिक सक्षम है।";"70.453076";"64.708415"
"135";"एक कार्यकर्ता जो नियमित रूप से व्यायाम करता है उसे चालीस घंटे का सप्ताह पूरा करने में सक्षम होना चाहिए और फिर भी गैर - कार्य गतिविधियों के लिए पर्याप्त ऊर्जा बनाए रखना चाहिए।";"नियमित रूप से व्यायाम करने वाले एक कार्यकर्ता को चालीस घंटे के सप्ताह को पूरा करने में सक्षम होना चाहिए और फिर भी गैर - कार्य गतिविधियों के लिए पर्याप्त ऊर्जा बनाए रखनी चाहिए।";"एक कार्यकर्ता जो नियमित रूप से व्यायाम करता है , उसे चालीस घंटे का सप्ताह पूरा करने में सक्षम होना चाहिए और फिर भी गैर - कार्य गतिविधियों के लिए पर्याप्त ऊर्जा बनाए रखना चाहिए।";"63.185462";"92.347326"
"136";"इसी तरह , एक छात्र जो नियमित रूप से व्यायाम करता है , वह सेमेस्टर के सबसे व्यस्त समय के दौरान आगे बढ़ने के लिए शाब्दिक और लाक्षणिक रूप से बेहतर स्थिति में होता है।";"इसी तरह , एक छात्र जो नियमित रूप से व्यायाम करता है , वह बेहतर आकार में होता है , शाब्दिक और लाक्षणिक रूप से , सेमेस्टर के व्यस्ततम समय के दौरान धक्का देने के लिए।";"इसी तरह , एक छात्र जो नियमित रूप से व्यायाम करता है , वह सेमेस्टर के सबसे व्यस्त समय के दौरान धक्का देने के लिए शाब्दिक और आलंकारिक रूप से बेहतर आकार में है।";"54.233710";"70.739158"
"137";"बेहतर सहनशक्ति नियमित व्यायाम कार्यक्रम के सबसे महत्वपूर्ण लाभों में से एक है।";"बेहतर धीरज एक नियमित व्यायाम कार्यक्रम के सबसे महत्वपूर्ण लाभों में से एक है।";"बेहतर धीरज एक नियमित व्यायाम कार्यक्रम के सबसे महत्वपूर्ण लाभों में से एक है।";"77.440314";"77.440314"
"138";"फिटनेस के लक्ष्यों के आसान समाधान मीडिया को संतृप्त करते हैं।";"फिटनेस के लक्ष्यों के लिए आसान समाधान मीडिया को संतृप्त करते हैं।";"फिटनेस के लक्ष्यों के आसान समाधान मीडिया को संतृप्त करते हैं।";"73.488892";"100.000000"
"139";"हालांकि फिटनेस का फायदा उठाना आसान नहीं है।";"हालांकि फिटनेस का फायदा उठाना आसान नहीं है।";"हालांकि , फिटनेस का लाभ प्राप्त करना आसान नहीं है।";"100.000000";"20.556681"
"140";"बहरहाल , एक स्थापित व्यायाम कार्यक्रम के प्रयास के लिए पुरस्कार पूरी तरह से लायक हैं।";"फिर भी , पुरस्कार एक स्थापित अभ्यास कार्यक्रम के प्रयास के पूरी तरह से लायक हैं।";"बहरहाल , पुरस्कार पूरी तरह से एक स्थापित व्यायाम कार्यक्रम के प्रयास के लायक हैं।";"43.472087";"60.617645"
"141";"नियमित शारीरिक गतिविधि एक व्यक्ति को अधिक आराम , मजबूत और असामान्य और नियमित गतिविधियों के लिए अधिक सहनशक्ति का अनुभव करा सकती है।";"नियमित रूप से शारीरिक गतिविधि एक व्यक्ति और अधिक आराम महसूस कर सकते हैं , मजबूत , और असामान्य के लिए अधिक से अधिक सहनशक्ति के साथ - साथ नियमित गतिविधियों .";"नियमित शारीरिक गतिविधि एक व्यक्ति को अधिक आराम , मजबूत महसूस कर सकती है , और असामान्य और नियमित गतिविधियों के लिए अधिक सहनशक्ति हो सकती है।";"15.815783";"64.678436"
"142";"नियमित व्यायाम मदद करता है।";"नियमित व्यायाम से मदद मिलती है।";"नियमित व्यायाम मदद करता है।";"19.304870";"100.000000"
"143";"हेनरी फोर्ड ने लिखा , "" असफलता बस फिर से शुरू करने का अवसर है , इस बार अधिक समझदारी से। """;"हेनरी फोर्ड ने लिखा , "" असफलता बस फिर से शुरू करने का अवसर है , इस बार अधिक समझदारी से। """;"हेनरी फोर्ड ने लिखा , "" विफलता बस फिर से शुरू करने का अवसर है , इस बार अधिक बुद्धिमानी से।";"100.000000";"73.628538"
"144";"लोग अपने अनुभवों से लगातार आकार और प्रभावित होते हैं।";"लोग अपने अनुभवों से निरंतर आकार और प्रभावित होते हैं।";"लोग लगातार आकार लेते हैं और अपने अनुभवों से प्रभावित होते हैं।";"65.803701";"25.470554"
"145";"लोग करके सीखते हैं।";"लोग ऐसा करके सीखते हैं।";"लोग ऐसा करके सीखते हैं।";"42.728701";"42.728701"
"146";"अक्सर लोग अपनी सफलता से कहीं ज्यादा अपनी गलतियों से सीखते हैं।";"अक्सर , लोग अपनी गलतियों से अपनी सफलता से काफी अधिक सीखते हैं।";"अक्सर , लोग अपनी सफलता की तुलना में अपनी गलतियों से काफी अधिक सीखते हैं।";"24.316916";"19.251614"
"147";"विफलता ड्राइविंग सफलता के प्रमाण के लिए , थॉमस एडिसन , विन्सेंट वैन गॉग और स्टीफन किंग सहित विज्ञान और कला दोनों के उदाहरणों पर विचार करें।";"असफलता ड्राइविंग सफलता के प्रमाण के लिए , थॉमस एडिसन , विन्सेंट वान गाग और स्टीफन किंग सहित विज्ञान और कला दोनों के उदाहरणों पर विचार करें।";"सफलता को चलाने में विफलता के प्रमाण के लिए , थॉमस एडिसन , विन्सेंट वान गाग और स्टीफन किंग सहित विज्ञान और कला दोनों के उदाहरणों पर विचार करें।";"81.961900";"70.175440"
"148";"प्रसिद्ध आविष्कारक , थॉमस एडिसन , 19 वीं शताब्दी के अंत में अपनी सफलताओं के कारण प्रमुखता से उठे , लेकिन यहां तक कि उन्होंने महसूस किया कि ये सफलताएं कई विफलताओं का परिणाम थीं।";"प्रसिद्ध आविष्कारक , थॉमस एडिसन , अपनी सफलताओं के कारण 19 वीं शताब्दी के उत्तरार्ध में प्रमुखता से उभरे , लेकिन यहां तक कि उन्होंने महसूस किया कि ये सफलताएं कई विफलताओं का परिणाम थीं।";"प्रसिद्ध आविष्कारक , थॉमस एडिसन , 19 वीं शताब्दी के अंत में अपनी सफलताओं के कारण प्रमुखता से बढ़े , लेकिन यहां तक कि उन्होंने महसूस किया कि ये सफलताएं कई विफलताओं का परिणाम थीं।";"72.793148";"92.347326"
"149";"वह अपने सबसे प्रसिद्ध आविष्कारों में से एक , लाइटबल्ब पर अपने पहले प्रयास में और न ही अपने सौ और पहले प्रयास में अपने काम में सफल नहीं हुआ।";"वह अपने सर्वाधिक प्रसिद्ध आविष्कारों में से एक , प्रकाशपुंज , अपने पहले ही प्रयास में और अपने सौ - पहले प्रयत्न में भी , अपने कार्य में सफल नहीं हुआ।";"वह अपने सबसे प्रसिद्ध आविष्कारों में से एक , लाइटबल्ब पर अपने काम में सफल नहीं हुए , अपनी पहली कोशिश पर और न ही अपने सौ और पहले प्रयास पर भी।";"32.448719";"65.670322"
"150";"वास्तव में , उन्हें पहला गरमागरम बल्ब बनाने के लिए 1,000 से अधिक प्रयास करने पड़े , लेकिन साथ ही , उन्होंने काफी कुछ सीखा।";"वास्तव में , उसे पहले तापदीप्त बल्ब बनाने के लिए 1,000 से अधिक प्रयास करने लगे , लेकिन रास्ते में , उन्होंने काफी कुछ सीखा।";"वास्तव में , उन्हें पहला गरमागरम बल्ब बनाने में 1,000 से अधिक प्रयास हुए , लेकिन रास्ते में , उन्होंने काफी कुछ सीखा।";"53.611313";"53.730044"
"151";"जैसा कि उन्होंने कहा , "" मैं एक हजार बार असफल नहीं हुआ , बल्कि एक हजार तरीके खोजने में सफल रहा , यह काम नहीं करेगा।";"जैसा कि उन्होंने कहा , "" मैं एक हजार बार असफल नहीं हुआ , लेकिन इसके बजाय एक हजार तरीके खोजने में सफल रहा यह काम नहीं करेगा।";"जैसा कि उन्होंने कहा , "" मैं एक हजार बार असफल नहीं हुआ , बल्कि एक हजार तरीके खोजने में सफल रहा जो काम नहीं करेगा।";"76.374834";"86.048527"
"152";"इस प्रकार , एडिसन ने विचार और कार्य दोनों में प्रदर्शित किया कि शिक्षाप्रद गलतियाँ कैसे हो सकती हैं।";""" इस प्रकार , एडिसन ने विचार और कार्य दोनों में प्रदर्शन किया कि शिक्षाप्रद गलतियाँ कैसे हो सकती हैं।";"इस प्रकार , एडिसन ने विचार और कार्रवाई दोनों में प्रदर्शित किया कि शिक्षाप्रद गलतियां कैसे हो सकती हैं।";"80.315467";"68.883651"
"153";"19 वीं सदी के कलाकार विन्सेंट वैन गॉग के लिए समकालीन सफलता का मार्ग और भी नाटकीय रूप से असफलता से प्रशस्त हुआ।";"19 वीं सदी के कलाकार विन्सेंट वान गाग की समकालीन सफलता का मार्ग और भी अधिक नाटकीय रूप से असफलता से प्रशस्त हुआ।";"19 वीं शताब्दी के कलाकार के लिए समकालीन सफलता का मार्ग विन्सेंट वैन गाग विफलता के साथ और भी नाटकीय रूप से प्रशस्त किया गया था।";"65.668074";"38.869403"
"154";"वर्तमान समय में , वैन गॉग को अब तक के सबसे प्रसिद्ध चित्रकारों में से एक माना जाता है।";"वर्तमान समय में , वैन गॉग को सभी समय के सबसे प्रसिद्ध चित्रकारों में से एक माना जाता है।";"वर्तमान समय में , वैन गाग को अब तक के सबसे प्रसिद्ध चित्रकारों में से एक माना जाता है।";"79.126199";"84.923266"
"155";"हालांकि , अपने जीवनकाल के दौरान , उन्हें निराशावादी माना जाता था।";"हालांकि , अपने जीवनकाल के दौरान , उन्हें निराशा माना जाता था।";"हालाँकि , अपने जीवनकाल के दौरान , उन्हें निराशा माना जाता था।";"73.488892";"63.404663"
"156";"वर्तमान समय में , उनकी पेंटिंग लाखों डॉलर में बिक सकती हैं , लेकिन जब वे जीवित थे तो उन्हें अपनी पेंटिंग बेचने के लिए संघर्ष करना पड़ा।";"वर्तमान दिन में , उनकी पेंटिंग लाखों डॉलर में बेच सकती है , लेकिन जब वह जीवित थे तो उन्होंने अपने चित्रों को बेचने के लिए संघर्ष किया।";"वर्तमान दिन में , उनकी पेंटिंग लाखों डॉलर में बिक सकती हैं , लेकिन जब वह जीवित थे तो उन्होंने अपनी पेंटिंग बेचने के लिए संघर्ष किया।";"38.780962";"65.679392"
"157";"यहां तक ​​ कि उन्होंने अपनी कई पेंटिंग्स को भी जलाना शुरू कर दिया क्योंकि वे बिकती नहीं थीं।";"उन्होंने अपने कई चित्रों को भी जलाया क्योंकि वे नहीं बेचते थे।";"उन्होंने अपनी कई पेंटिंग्स को भी जला दिया क्योंकि वे नहीं बेचते थे।";"6.147761";"31.349051"
"158";"20 वीं सदी के लेखक स्टीफन किंग , उपन्यासों के लेखक , जिन्हें लोकप्रिय फिल्मों में बदल दिया गया।";"20 वीं शताब्दी के लेखक स्टीफन किंग , उपन्यासों के लेखक जो लोकप्रिय फिल्मों में बदल गए थे।";"20 वीं शताब्दी के लेखक स्टीफन किंग , उपन्यासों के लेखक जो लोकप्रिय फिल्मों में बदल गए थे।";"53.281918";"53.281918"
"159";"स्टैंड बाय मी एंड द शशांक रिडेम्पशन ) ने भी असफलता का अनुभव किया।";"स्टैंड बाई मी एंड द शॉशैंक रिडेम्पशन ) ने भी विफलता का अनुभव किया।";"स्टैंड बाय मी और शॉशैंक रिडेम्पशन ) ने भी असफलता का अनुभव किया।";"33.649324";"62.071068"
"160";"जब उन्होंने अपना पहला उपन्यास कैरी लिखा , तब वे ग्रामीण मेन में स्कूल पढ़ा रहे थे।";"जब उन्होंने अपना पहला उपन्यास कैरी लिखा , तो वह ग्रामीण मेन में स्कूल पढ़ा रहे थे।";"जब उन्होंने अपना पहला उपन्यास , कैरी लिखा , तो वह ग्रामीण मेन में स्कूल पढ़ा रहे थे।";"76.246586";"60.316120"
"161";"हालाँकि उन्हें पहले अपनी लघु कहानियों को बेचने में सीमित सफलता मिली थी , लेकिन कैरी को प्रकाशित कराने के लिए उन्हें 30 प्रयास करने पड़े।";"हालाँकि उन्हें अपनी लघु कथाओं को बेचने में पहले सीमित सफलता मिली थी , लेकिन कैरी को प्रकाशित करने के लिए उन्हें 30 प्रयास करने पड़े।";"यद्यपि उन्हें पहले अपनी लघु कथाओं को बेचने में सीमित सफलता मिली थी , लेकिन कैरी को प्रकाशित करने के लिए उन्हें 30 प्रयास लगे।";"62.898989";"66.879759"
"162";"उसने पांडुलिपि को लगभग फेंक दिया , लेकिन उसकी पत्नी ने उसे कूड़ेदान से बाहर निकाला और उसे फिर से प्रयास करने के लिए प्रोत्साहित किया।";"उसने पांडुलिपि को लगभग फेंक दिया , लेकिन उसकी पत्नी ने इसे कचरे से बाहर निकाल दिया और उसे फिर से प्रयास करने के लिए प्रोत्साहित किया।";"उसने पांडुलिपि को लगभग फेंक दिया , लेकिन उसकी पत्नी ने इसे कचरे से बाहर निकाला और उसे फिर से कोशिश करने के लिए प्रोत्साहित किया।";"72.644445";"74.322548"
"163";"यह कल्पना करना कठिन है कि स्टीफन किंग को कभी ऐसा लगा कि पराजित हुआ है , है ना ? थॉमस एडिसन , विन्सेंट वैन गॉग , और स्टीफन किंग , विज्ञान और कला दोनों में , यह प्रदर्शित करते हैं कि असफलता सफलता से पहले की तुलना में अधिक बार होती है।";"यह कल्पना करना मुश्किल है कि स्टीफन किंग ने कभी महसूस किया कि हार , है ना ? थॉमस एडिसन , विन्सेंट वैन गॉग और स्टीफन किंग विज्ञान और कला दोनों में प्रदर्शित करते हैं , कि असफलता अक्सर सफलता से पहले नहीं होती है।";"यह कल्पना करना मुश्किल है कि स्टीफन किंग ने कभी महसूस किया कि पराजित , है ना ? थॉमस एडिसन , विन्सेंट वैन गाग और स्टीफन किंग विज्ञान और कला दोनों में प्रदर्शित करते हैं कि असफलता अक्सर सफलता से पहले नहीं होती है।";"38.971563";"40.456298"
"164";"जब भी हम कोई नया कौशल सीखते हैं - चाहे वह बाइक चलाना हो , कार चलाना हो , या केक पकाना हो - हम अपनी गलतियों से सीखते हैं।";"जब भी हम एक नया कौशल सीखते हैं - यह एक बाइक की सवारी करना , कार चलाना , या केक खाना बनाना - हम अपनी गलतियों से सीखते हैं।";"जब भी हम कोई नया कौशल सीखते हैं - चाहे वह बाइक चलाना हो , कार चलाना हो , या केक पकाना हो - हम अपनी गलतियों से सीखते हैं।";"43.352225";"100.000000"
"165";"अगर हम में से कोई एक ही दिन में ट्रेनिंग व्हील्स से मैराथन में जाने के लिए तैयार है , लेकिन ये शुरुआती अनुभव ( ये तथाकथित गलतियाँ ) हमें समय के साथ अपने प्रदर्शन को बेहतर बनाने में मदद कर सकते हैं।";"हम में से कोई भी अगर बहुत कम लोग , एक ही दिन में प्रशिक्षण के पहियों से मैराथन में जाने के लिए तैयार हैं , लेकिन ये शुरुआती अनुभव ( ये तथाकथित गलतियाँ ) समय के साथ हमारे प्रदर्शन को बेहतर बनाने में हमारी मदद कर सकते हैं।";"कुछ , यदि हम में से कोई भी , एक ही दिन में प्रशिक्षण पहियों से मैराथन तक जाने के लिए तैयार हैं , लेकिन ये शुरुआती अनुभव ( ये तथाकथित गलतियां ) समय के साथ हमारे प्रदर्शन को बेहतर बनाने में हमारी मदद कर सकते हैं।";"53.593845";"45.294600"
"166";"आप कुछ अंडों को तोड़े बिना केक नहीं बना सकते हैं और इसी तरह , हम करके सीखते हैं और अनिवार्य रूप से करने का अर्थ है गलतियाँ करना।";"आप कुछ अंडे को तोड़े बिना केक नहीं बना सकते और इसी तरह , हम ऐसा करके सीखते हैं और अनिवार्य रूप से गलती करने का मतलब है।";"आप कुछ अंडे तोड़ने के बिना केक नहीं बना सकते हैं और इसी तरह , हम अनिवार्य रूप से गलतियां करने और करने से सीखते हैं।";"55.509411";"43.164103"
"167";"यदि हम असफलता को एक गलत कदम नहीं बल्कि एक सीखने के अनुभव के रूप में देखते हैं , तो आत्म - सुधार की संभावनाएं असीमित हैं।";"यदि हम असफलता को एक गलत कदम नहीं मानते हैं बल्कि सीखने के अनुभव के रूप में आत्म - सुधार की संभावनाएं असीम हैं।";"यदि हम असफलता को गलत कदम के रूप में नहीं बल्कि सीखने के अनुभव के रूप में मानते हैं तो आत्म - सुधार की संभावनाएं असीम हैं।";"57.436693";"48.392817"
"168";"पिछले कुछ दशकों में , इस तेजी से बदलते सूचना - आधारित समाज में अकादमिक विषय तेजी से महत्वपूर्ण हो गए हैं।";"पिछले कुछ दशकों में , इस तेजी से बदलते सूचना आधारित समाज में अकादमिक विषय तेजी से महत्वपूर्ण हो गए हैं।";"पिछले कुछ दशकों में , इस तेजी से बदलते सूचना - आधारित समाज में अकादमिक विषय तेजी से महत्वपूर्ण हो गए हैं।";"87.473948";"100.000000"
"169";"आजकल , इस बात पर बहस बढ़ती जा रही है कि क्या शारीरिक शिक्षा कक्षाओं को अकादमिक विषयों से बदलना अधिक प्रभावी होगा।";"आजकल इस बात पर बहस बढ़ रही है कि क्या शारीरिक शिक्षा कक्षाओं को अकादमिक विषयों के साथ बदलना अधिक प्रभावी होगा।";"आजकल , इस बात पर बहस बढ़ रही है कि क्या शारीरिक शिक्षा कक्षाओं को अकादमिक विषयों के साथ बदलना अधिक प्रभावी होगा।";"61.832969";"70.453076"
"170";"खेलों के महत्व के बावजूद , मेरा मानना ​​ है कि कई कारणों से अकादमिक विषयों पर अधिक ध्यान देना अनिवार्य और अधिक कुशल है।";"खेलों के महत्व के बावजूद , मैं बहुत विश्वास करता हूं कि कई कारणों से अकादमिक विषयों पर अधिक ध्यान केंद्रित करना अपरिहार्य और अधिक कुशल है।";"खेल के महत्व के बावजूद , मेरा मानना है कि कई कारणों से अकादमिक विषयों पर अधिक ध्यान केंद्रित करना अपरिहार्य और अधिक कुशल है।";"55.345478";"68.804308"
"171";"जो लोग तर्क देते हैं कि स्कूल में खेल और व्यायाम कक्षाओं की आवश्यकता है , वे निम्नलिखित तर्कों के आधार पर अपना पक्ष रखते हैं।";"जो लोग तर्क देते हैं कि स्कूल में खेल और व्यायाम कक्षाओं की आवश्यकता होती है , वे निम्नलिखित तर्कों पर अपने मामले को आधार बनाते हैं।";"जो लोग तर्क देते हैं कि स्कूल में खेल और व्यायाम कक्षाओं की आवश्यकता होती है , वे निम्नलिखित तर्कों पर अपना मामला आधार बनाते हैं।";"64.506646";"68.872465"
"172";"सबसे पहले , खेल चरित्र निर्माण और व्यक्तित्व विकसित करने का एक अच्छा तरीका है।";"सबसे पहले , खेल चरित्र का निर्माण करने और व्यक्तित्व को विकसित करने का एक अच्छा तरीका है।";"सबसे पहले , खेल चरित्र निर्माण और व्यक्तित्व विकसित करने का एक अच्छा तरीका है।";"57.305740";"100.000000"
"173";"यानी प्रतिस्पर्धा , सहयोग और अच्छी खेल भावना के बारे में सीखने के लिए जरूरी है।";"यही है , प्रतिस्पर्धा , सहयोग और अच्छे खेल कौशल के बारे में सीखने के लिए आवश्यक हैं।";"यानी प्रतिस्पर्धा , सहयोग और अच्छी खेल भावना के बारे में सीखने के लिए जरूरी है।";"41.180376";"100.000000"
"174";"इसके अलावा , इन दिनों अधिकांश बच्चे इंटरनेट के आदी हैं , इसलिए उन्हें अपना कंप्यूटर छोड़ना मुश्किल लगता है।";"इसके अलावा , इन दिनों अधिकांश बच्चे इंटरनेट के आदी हैं , उन्हें अपना कंप्यूटर छोड़ना मुश्किल लगता है।";"इसके अलावा , चूंकि इन दिनों अधिकांश बच्चे इंटरनेट के आदी हैं , इसलिए उन्हें अपने कंप्यूटर को छोड़ना मुश्किल लगता है।";"86.060314";"64.708415"
"175";"नतीजतन , व्यायाम की कमी के कारण बच्चों की बढ़ती संख्या अधिक वजन या मोटापे से ग्रस्त हो रही है।";"नतीजतन , व्यायाम की कमी के कारण बच्चों की बढ़ती संख्या अधिक वजन या मोटापे से ग्रस्त हो रही है।";"नतीजतन , व्यायाम की कमी के कारण बच्चों की बढ़ती संख्या अधिक वजन या मोटापे से ग्रस्त हो रही है।";"100.000000";"100.000000"
"176";"इसलिए , यदि स्कूल ऐसे वातावरण को बढ़ावा देते हैं जो छात्रों को उचित शारीरिक शिक्षा प्राप्त करने से वंचित करता है , तो इसका बच्चों पर मानसिक और शारीरिक रूप से दीर्घकालिक नकारात्मक प्रभाव पड़ेगा।";"इसलिए , यदि स्कूल एक ऐसे वातावरण को बढ़ावा देते हैं जो छात्रों को एक उचित शारीरिक शिक्षा प्राप्त करने से वंचित करता है , तो इसका मानसिक और शारीरिक दोनों रूप से बच्चों पर दीर्घकालिक नकारात्मक प्रभाव पड़ेगा।";"इसलिए , यदि स्कूल एक ऐसे वातावरण को बढ़ावा देते हैं जो छात्रों को उचित शारीरिक शिक्षा प्राप्त करने से वंचित करता है , तो इसका मानसिक और शारीरिक रूप से बच्चों पर दीर्घकालिक नकारात्मक प्रभाव पड़ेगा।";"66.689109";"79.662193"
"177";"फिर भी , लोगों को इस तथ्य को नज़रअंदाज़ नहीं करना चाहिए कि अकादमिक विषयों के लिए अधिक समय और ऊर्जा समर्पित करने से छात्रों को लंबे समय में अधिक लाभ होगा।";"फिर भी , लोगों को इस तथ्य को नजरअंदाज नहीं करना चाहिए कि अकादमिक विषयों में अधिक समय और ऊर्जा समर्पित करने से छात्रों को लंबे समय में अधिक लाभ होगा।";"फिर भी , लोगों को इस तथ्य को नजरअंदाज नहीं करना चाहिए कि अकादमिक विषयों के लिए अधिक समय और ऊर्जा समर्पित करने से छात्रों को लंबे समय में अधिक लाभ होगा।";"79.710044";"91.571038"
"178";"शारीरिक शिक्षा के लिए समर्पित समय अब ​​ छात्रों को अंग्रेजी पढ़ाने में बेहतर होगा।";"अब शारीरिक शिक्षा के लिए समर्पित समय बेहतर होगा छात्रों को अंग्रेजी पढ़ाने में खर्च किया जाए।";"शारीरिक शिक्षा के लिए समर्पित समय अब छात्रों को अंग्रेजी सिखाने में बेहतर व्यतीत होगा।";"51.744766";"54.108227"
"179";"ऐसा इसलिए है क्योंकि धाराप्रवाह अंग्रेजी बोलने से युवाओं को निकट भविष्य में कॉलेज के अन्य आवेदकों और नौकरी चाहने वालों की तुलना में लाभ मिलेगा।";"ऐसा इसलिए है क्योंकि धाराप्रवाह अंग्रेजी बोलने से निकट भविष्य में युवा कॉलेज के अन्य आवेदकों और नौकरी चाहने वालों को लाभ मिलेगा।";"ऐसा इसलिए है क्योंकि धाराप्रवाह अंग्रेजी बोलने से युवाओं को निकट भविष्य में अन्य कॉलेज आवेदकों और नौकरी चाहने वालों पर लाभ मिलेगा।";"60.702514";"64.721439"
"180";"इसके अलावा , विज्ञान निस्संदेह युवाओं को शारीरिक शिक्षा से भी अधिक लाभान्वित करेगा।";"इसके अलावा , शारीरिक शिक्षा से भी अधिक युवाओं को विज्ञान निस्संदेह लाभान्वित करेगा।";"इसके अलावा , विज्ञान निस्संदेह शारीरिक शिक्षा से अधिक युवाओं को लाभान्वित करेगा।";"45.258880";"43.450446"
"181";"विज्ञान में सीखे गए सिद्धांत छात्रों के भविष्य में उत्पन्न होने वाली कठिन समस्याओं को हल करने के लिए आवश्यक आधार प्रदान करेंगे।";"विज्ञान में सीखे गए सिद्धांत छात्रों के भविष्य में उत्पन्न होने वाली कठिन समस्याओं को हल करने के लिए आवश्यक आधार प्रदान करेंगे।";"विज्ञान में सीखे गए सिद्धांत छात्रों के वायदा में उत्पन्न होने वाली कठिन समस्याओं को हल करने और कठिन समस्याओं के लिए आवश्यक आधार प्रदान करेंगे।";"100.000000";"70.161166"
"182";"संक्षेप में , उच्च उम्मीदें हैं कि शिक्षक और माता - पिता युवा पीढ़ी को पढ़ाने में ज्ञान का प्रयोग करते हैं।";"संक्षेप में , ऐसी बहुत उम्मीदें हैं कि शिक्षक और माता - पिता युवा पीढ़ी को सिखाने के लिए बुद्धि का इस्तेमाल करते हैं ।";"संक्षेप में , उच्च उम्मीदें हैं कि शिक्षक और माता - पिता युवा पीढ़ियों को पढ़ाने में ज्ञान का प्रयोग करते हैं।";"47.426640";"87.251294"
"183";"हाई स्कूल के छात्रों को कई फैसलों का सामना करना पड़ता है क्योंकि वे स्नातक की तैयारी करते हैं , जिसमें स्नातक होने के बाद वे क्या करने जा रहे हैं।";"हाई स्कूल के छात्रों को कई फैसलों का सामना करना पड़ता है क्योंकि वे स्नातक करने की तैयारी करते हैं , जिसमें वे स्नातक होने के बाद क्या करने जा रहे हैं।";"हाई स्कूल के छात्रों को स्नातक होने की तैयारी के रूप में कई निर्णयों का सामना करना पड़ता है , जिसमें स्नातक स्तर की पढ़ाई के बाद वे क्या करने जा रहे हैं।";"77.982980";"49.253998"
"184";"कुछ हाई स्कूल के छात्र स्नातक होने के बाद सीधे कॉलेज या विश्वविद्यालय जाते हैं।";"कुछ हाई स्कूल के छात्र स्नातक स्तर की पढ़ाई के बाद सीधे कॉलेज या विश्वविद्यालय जाते हैं।";"कुछ हाई स्कूल के छात्र स्नातक स्तर की पढ़ाई के बाद सीधे कॉलेज या विश्वविद्यालय जाते हैं।";"69.647057";"69.647057"
"185";"अन्य विश्वविद्यालय जाने से पहले कुछ समय के लिए यात्रा करना या काम करना पसंद करते हैं।";"अन्य लोग विश्वविद्यालय जाने से पहले कुछ समय के लिए यात्रा या काम करना पसंद करते हैं।";"अन्य लोग विश्वविद्यालय जाने से पहले कुछ समय के लिए यात्रा या काम करना पसंद करते हैं।";"77.486774";"77.486774"
"186";"जो लोग ग्रेजुएशन के बाद कॉलेज या यूनिवर्सिटी जाना पसंद करते हैं , उनके लिए फायदे और नुकसान हैं।";"जो लोग स्नातक स्तर की पढ़ाई के बाद कॉलेज या विश्वविद्यालय जाना चुनते हैं , उनके फायदे और नुकसान हैं।";"जो लोग स्नातक स्तर की पढ़ाई के बाद कॉलेज या विश्वविद्यालय जाना चुनते हैं , उनके लिए फायदे और नुकसान हैं।";"32.263864";"48.457661"
"187";"हाई स्कूल से सीधे कॉलेज जाने का एक बड़ा फायदा यह है कि आपको अभी भी पढ़ने की आदत है।";"सीधे हाई स्कूल से कॉलेज जाने के बड़े फायदों में से एक यह है कि आप अभी भी पढ़ाई करने की आदत में हैं।";"हाई स्कूल से सीधे कॉलेज जाने के बड़े फायदों में से एक यह है कि आपको अभी भी पढ़ाई करने की आदत है।";"14.001071";"46.997396"
"188";"ग्रेजुएशन के बाद कॉलेज जाने से आप हाई स्कूल के दौरान अपने द्वारा विकसित किए गए अध्ययन कौशल को नहीं खोते हैं।";"स्नातक स्तर की पढ़ाई के बाद कॉलेज जाने से , आप उच्च विद्यालय के दौरान विकसित किए गए अध्ययन कौशल को नहीं खोते हैं।";"स्नातक स्तर की पढ़ाई के बाद कॉलेज जाने से , आप हाई स्कूल के दौरान विकसित अध्ययन कौशल को नहीं खोते हैं।";"51.312751";"54.483649"
"189";"हालाँकि , बड़ा नुकसान यह है कि आप कॉलेज के लिए तैयार नहीं हो सकते हैं।";"लेकिन , इसका बड़ा नुकसान यह है कि हो सकता है कि आप कॉलेज के लिए तैयार न हों ।";"हालांकि , बड़ा नुकसान यह है कि आप कॉलेज के लिए तैयार नहीं हो सकते हैं।";"45.950474";"93.060486"
"190";"हो सकता है कि आपको ठीक - ठीक पता न हो कि आप क्या पढ़ना चाहते हैं , या हो सकता है कि आप अपने पाठ्यक्रमों की तुलना में स्वतंत्रता और पार्टियों में अधिक रुचि रखते हों।";"आप वास्तव में नहीं जान सकते हैं कि आप क्या पढ़ना चाहते हैं , या आप अपने पाठ्यक्रमों की तुलना में स्वतंत्रता और पार्टियों में अधिक रुचि रखते हैं।";"आप नहीं जानते कि आप क्या अध्ययन करना चाहते हैं , या आप अपने पाठ्यक्रमों की तुलना में स्वतंत्रता और पार्टियों में अधिक रुचि रख सकते हैं।";"49.328693";"38.214865"
"191";"उस उम्र में , छात्रों के लिए कॉलेज की जिम्मेदारियों को निभाना अक्सर मुश्किल होता है।";"उस उम्र में , छात्रों के लिए कॉलेज की जिम्मेदारियों को लेना अक्सर मुश्किल होता है।";"उस उम्र में , छात्रों के लिए कॉलेज की जिम्मेदारियों को निभाना अक्सर मुश्किल होता है।";"81.535510";"100.000000"
"192";"कॉलेज शुरू करने से पहले काम करने या यात्रा करने के फायदे और नुकसान भी हैं।";"कॉलेज शुरू करने के लिए काम करने या यात्रा करने के फायदे और नुकसान भी हैं।";"कॉलेज शुरू करने के लिए काम करने या यात्रा करने के फायदे और नुकसान भी हैं।";"74.478198";"74.478198"
"193";"काम करना या यात्रा करना आपको एक बेहतर विचार देता है कि आप अपने जीवन के साथ क्या करना चाहते हैं।";"काम या यात्रा आप क्या आप अपने जीवन के साथ क्या करना चाहते हैं की एक बेहतर विचार की अनुमति देता है .";"काम करना या यात्रा करना आपको एक बेहतर विचार देता है कि आप अपने जीवन के साथ क्या करना चाहते हैं।";"41.261520";"100.000000"
"194";"आप व्यावहारिक अनुभव प्राप्त करते हैं जो आपको यह परिभाषित करने में मदद करता है कि आप क्या अध्ययन करना चाहते हैं।";"आपको व्यावहारिक अनुभव प्राप्त होता है जो यह निर्धारित करने में आपकी मदद करता है कि आप क्या पढ़ना चाहते हैं।";"आप व्यावहारिक अनुभव प्राप्त करते हैं जो आपको यह परिभाषित करने में मदद करता है कि आप क्या अध्ययन करना चाहते हैं।";"33.389806";"100.000000"
"195";"आप कॉलेज या विश्वविद्यालय की पढ़ाई की जिम्मेदारियों के लिए भी अच्छी तरह से तैयार हैं।";"आप कॉलेज या विश्वविद्यालय के अध्ययन की जिम्मेदारियों के लिए भी अच्छी तरह से तैयार हैं।";"आप कॉलेज या विश्वविद्यालय के अध्ययन की जिम्मेदारियों के लिए भी अच्छी तरह से तैयार हैं।";"74.478198";"74.478198"
"196";"दूसरी ओर , जब तक आप कॉलेज शुरू करते हैं , तब तक आप पर शायद नौकरी या जीवनसाथी जैसे दायित्व होंगे , जो आपको पढ़ाई पर ध्यान केंद्रित करने से रोकते हैं।";"दूसरी ओर , जब तक आप कॉलेज शुरू करते हैं , आपके पास नौकरी या पति या पत्नी की तरह दायित्व होंगे , जो आपको पढ़ाई पर ध्यान केंद्रित करने से रोकते हैं।";"दूसरी ओर , जब तक आप कॉलेज शुरू करते हैं , तब तक आपके पास शायद नौकरी या पति या पत्नी जैसे दायित्व होंगे , जो आपको पढ़ाई पर ध्यान केंद्रित करने से रोकते हैं।";"68.424905";"75.496387"
"197";"इसके अलावा , कॉलेज से पहले यात्रा करने या काम करने से आपको स्कूल के बाहर इतना समय बिताना पड़ सकता है कि आप पढ़ाई करना भूल जाते हैं।";"इसके अलावा , कॉलेज से पहले यात्रा या काम करने से आप स्कूल से बाहर पर्याप्त समय बिता सकते हैं जिसे आप भूल जाते हैं कि कैसे अध्ययन करना है।";"इसके अलावा , कॉलेज से पहले यात्रा या काम करने से आप स्कूल से बाहर पर्याप्त समय बिता सकते हैं कि आप अध्ययन करना भूल जाते हैं।";"31.709920";"39.677996"
"198";"हाई स्कूल ग्रेजुएशन के बाद क्या करना है इसका निर्णय कठिन हो सकता है।";"हाईच स्कूल के स्नातक होने के बाद क्या करना है , इसकी निंदा एक मुश्किल हो सकती है।";"हिच स्कूल स्नातक स्तर की पढ़ाई के बाद क्या करना है , इसका निर्णय एक कठिन हो सकता है।";"22.612165";"35.272957"
"199";"यह तय करना कि कॉलेज या विश्वविद्यालय में सीधे जाना है या काम या यात्रा के लिए समय निकालना कुछ ऐसा है जो हर हाई स्कूल के छात्र का सामना करता है।";"यह तय करना कि कॉलेज या विश्वविद्यालय में सीधे जाना है या काम करने या यात्रा करने के लिए समय लेना कुछ ऐसा है जो हर हाई स्कूल के छात्र का सामना करता है।";"यह तय करना कि क्या सीधे कॉलेज या विश्वविद्यालय में जाना है या काम करने या यात्रा करने के लिए समय लेना है , कुछ ऐसा है जो हर हाई स्कूल के छात्र का सामना करता है।";"76.691051";"57.568432"
"200";"दोनों विकल्पों के फायदे और नुकसान के बारे में सोचने के बाद , निर्णय इस पर आधारित होना चाहिए कि आपके लिए सबसे अच्छा क्या है।";"दोनों विकल्पों के फायदे और नुकसान के बारे में सोचने के बाद , निर्णय इस आधार पर होना चाहिए कि आपके लिए सबसे अच्छा क्या है।";"दोनों विकल्पों के फायदे और नुकसान के बारे में सोचने के बाद , निर्णय इस बात पर आधारित होना चाहिए कि आपके लिए सबसे अच्छा क्या है।";"86.189267";"89.853961"
